サークル名,著者,キーワード,ジャンル詳細,詳細ページ,Webサイト,設営場所
"運営事務局","技術書典運営事務局","","運営事務局です！技術季報を販売予定です。その他特製カレンダーやポストカードも販売予定です！完売すると嬉しいです！","https://techbookfest.org/event/tbf06/circle/254520002","https://techbookfest.org/event/tbf06","運01"
"Forkwell","Forkwell技術部","","漫画配布","https://techbookfest.org/event/tbf06/circle/279920002","https://portfolio.forkwell.com/","ス01"
"TechFirm","TechFirm プロダクト部","IT,アプリ","テックファームで作成している、ホテルなどの施設においてあるタブレット用アプリやドローン、また、会社の人に聞いたIT系あるある話の本などがあります。","https://techbookfest.org/event/tbf06/circle/267950001","https://masagomi785.wixsite.com/tfbooks","ス02"
"株式会社メディアドゥ","Tech Do Book 編集部","EPUB","ソフトウェア関連全般的に書いてます。電子コンテンツの会社らしく、「EPUB」を特集した記事もあります。","https://techbookfest.org/event/tbf06/circle/251830001","https://www.mediado.jp/","ス03"
"さくらのナレッジ","さくらのナレッジ編集部","IT,ナレ,ナレッジ","さくらインターネットが運営するITエンジニア向けの情報サイト「さくらのナレッジ」。技術書典6ではさくナレ初の冊子「さくらのナレッジ増刊号」を頒布します！さくナレで未公開の書き下ろし記事も収録。ITエンジニアに役立つ情報＆おもしろネタを全力でシェア！","https://techbookfest.org/event/tbf06/circle/269810002","https://knowledge.sakura.ad.jp/","ス04"
"株式会社ミクシィ","mixi developers","ミクシィグループ","ミクシィグループのエンジニア有志が集まり、実装のコツや実際の現場で使われているノウハウ、その他、プロダクト開発以外でも活用されているツールや個人的に試してみた技術など、それぞれが思うがままに執筆した本を頒布します。","https://techbookfest.org/event/tbf06/circle/277820001","https://mixi.co.jp/recruit/","ス06"
"メルカリ技術書典部","メルカリ技術書典部","メルカリ","メルカリのエンジニアが業務中または趣味開発の中で得た知見を書いた技術書","https://techbookfest.org/event/tbf06/circle/50690008","","ス07"
"TG Tech Club","TOPGATE","GCP","GCPのいろいろ","https://techbookfest.org/event/tbf06/circle/48330001","","ス08"
"ビットバンク株式会社","ビットバンク TypeScript チーム","","ソフトウェア全般","https://techbookfest.org/event/tbf06/circle/249870001","https://bitbank.cc/","ス09"
"虎の穴ラボ","虎の穴ラボ","","会社紹介、技術書","https://techbookfest.org/event/tbf06/circle/253880001","https://yumenosora.co.jp/tora-lab","ス10"
"親方Project","親方","ESP","勉強会参加、技術同人誌執筆に関するノウハウ本。電子工作(ESP32を用いたレーザープロジェクタ自作とその実装技術)","https://techbookfest.org/event/tbf06/circle/59800002","https://note.mu/oyakata2438","あ01"
"mochikoAsTech","mochikoAsTech","pixivPAY,♡,アプリ・,～,～」","「技術をつたえるテクニック ～分かりやすい書き方・話し方～」と「技術同人誌を書いたあなたへ ～著者のしあわせなミライ～」という2冊の新刊を持っていきます。「技術を分かりやすく説明できるようになりたい人」や「技術書を商業出版してみたい人」に向けた本です。気になったら「サークルをチェックリストに追加する」を押して、「あ02」へ遊びに来てください♡お支払い方法は現金・かんたん後払いアプリ・pixivPAYに対応予定です。","https://techbookfest.org/event/tbf06/circle/56310002","https://twitter.com/mochikoAsTech","あ02"
"湊川あいの、わかば家。","湊川あい","CSS,Docker,Git,Google,HTML,HTTP,Ruby,pixivPay,③,アナリティクス,オリジナルキャラクターグッズ","新刊：マンガでわかるRuby、マンガでわかるDocker③や、既刊：HTTPステータスコードのギャグマンガといった個人制作誌のほか、商業本『わかばちゃんと学ぶ』シリーズ（HTML/CSS、Git、Googleアナリティクス）、書籍版『運用☆ちゃん』、オリジナルキャラクターグッズを頒布します。【技術書典かんたん後払い対応・pixivPay対応】","https://techbookfest.org/event/tbf06/circle/42030002","https://llminatoll.booth.pm/","あ03"
"東京電機大学電子技術研究部","電子技研","","部員の制作物報告（電子工作中心）","https://techbookfest.org/event/tbf06/circle/69670003","https://twitter.com/giken_pr","い01"
"神田部品","AKIBAJIN","","電子工作解説本、電子工作キット","https://techbookfest.org/event/tbf06/circle/58260003","http://kandabuhin.web.fc2.com/","い02"
"反省会駆動","れでぃ☆ばぐ","ハードウェアガチ","ハードウェアガチ勢　電子工作　デバイス解説","https://techbookfest.org/event/tbf06/circle/47930005","https://bugsbag.jimdo.com/ft810%E3%81%A7lcd%E8%A1%A8%E7%A4%BA%E3%82%92%E9%81%8A%E3%81%B3%E5%80%92%E3%81%99%E6%9C%AC/","い03"
"mimcap","betaEncoder","","玄人向けマイコンボード","https://techbookfest.org/event/tbf06/circle/42090002","","い04"
"niccolli","niccolli","ゲームボーイカートリッジ","ゲームボーイカートリッジの自作と活用について","https://techbookfest.org/event/tbf06/circle/63740001","https://log.niccol.li/","い05"
"CUBIC STYLE","タクト","GB,GBA","携帯ゲーム機向けの同人ソフトや同人誌を作っています。新刊はGBやGBA開発ノウハウ本や開発用ハードなどを予定しています。","https://techbookfest.org/event/tbf06/circle/61700002","https://cubic-style.jp/","い06"
"はにらぼ","bakueikozo","プレイステーションクラシック","プレイステーションクラシック改造","https://techbookfest.org/event/tbf06/circle/52240001","http://honeylab.hatenablog.jp/","い07"
"猫とロボット社","いいだなひろ","","ハードウェアハッカーのための仕様検討法、ツールと製作記","https://techbookfest.org/event/tbf06/circle/42260006","https://www.nekotorobot.com/","い08"
"みかんProject","Kashiken","DAC","自作ハードウェアの製作に関する技術書。技術書典6では、ミキシングアンプを自作する本、ΔΣDACの設計本を頒布予定です。","https://techbookfest.org/event/tbf06/circle/42080003","http://never-ending-project.org/","い09"
"IoT寺子屋","大邦将猛","ArduinoIDE,ESP,FPGA,Fi,IT,MQTT,PYNQ,Python,ULTRA,Wi,Z","既刊本：ArduinoIDEでWi-FiマイコンESP32を操ろう。（１２０冊頒布）は初心者へのマイコンプログラミング入門書としてセンサー・モータの扱いとWi-FiやMQTTの通信を解説しつくしました。ニッチな分野なのに結構お求めいただけたが、さらに時代先取りしてPythonで動かせるFPGAボードPYNQの解説本（PYNQ-Z1とULTRA96版）とIT技術で副業をするための指南本を刊行予定。","https://techbookfest.org/event/tbf06/circle/56130002","https://iotterakoya.connpass.com/","い10"
"調布技研","chibiegg (こたまご)",")、,NTP,Pi,Raspberry,STM,インフラマスキングテープ","NTPサーバ開発(Raspberry Pi、STM32)、インフラ写真集〜通信篇〜、インフラマスキングテープ","https://techbookfest.org/event/tbf06/circle/44690003","https://chofu.tech/","い11"
"日本アキバ学会","えきどなG","Arduino,bit,micro,サイバーセキュリティ","Arduinoとmicro:bitを使った電子工作入門シリーズ、サイバーセキュリティ研究シリーズ","https://techbookfest.org/event/tbf06/circle/67560005","https://techbookfest.org/event/tbf04/circle/18260003","い12"
"カンテンボーキ","サニ",")．,PIC,Pi,Raspberry,ドローン,ブロックシューター","Raspberry Piとマイコン(PICを予定)を用いた対ドローン高射砲(ブロックシューター)の設計・製作についての本．対象は電子工作初心者(自分も初心者であるため)．今回は準備号とし，理論式の導出を行う．","https://techbookfest.org/event/tbf06/circle/42080002","https://twitter.com/snyrnycldy","い13"
"Raspberry Pi もくもく会","Raspberry Pi もくもく会","Pi,Raspberry,Tips,ラズパイ","Raspberry Pi もくもく会メンバー厳選の 今すぐできる活用レシピ集。ラズパイをちょっと便利に使うTipsから、活用事例の紹介など。キーホルダーもあるよ！","https://techbookfest.org/event/tbf06/circle/67700001","https://raspberry-pi-moku.connpass.com/","い14"
"Physicaloid","す〜","Docker,RPi,ビジュアライズ","RPiを使って自作・既成品ハードウェアをテストするテクニックをいくつか紹介します。ハードウェアの怖さは不具合が確率的に発生するということです。なるべく効率的に不具合をあぶり出すにはテスト自動化がキーになります。書籍では、RPiをRPiで自動テストする、テスト結果をビジュアライズ化する、Dockerでテスト環境構築、といったテストに役立つ情報をレシピ形式で盛り込みます。また書籍内で使用するハードウェアの頒布も行います。","https://techbookfest.org/event/tbf06/circle/64310003","https://twitter.com/ksksue","い15"
"ElectroComplex","岸本 誠","ElectroComplex,ゲルマラジオ","新刊は、技術系よろず同人誌「ElectroComplex」通巻第2号で、無電源ラジオ（いわゆるゲルマラジオのようなもの）についての記事です","https://techbookfest.org/event/tbf06/circle/46460003","https://ksmakoto.hatenadiary.com/entry/2019/03/17/152612","い16"
"肉と鍋","なおたこ","Arm,CPU,Embedded,IP,OS,Pi,Raspberry,Rust,ドライバ","既刊として、肉の調理（特に低温調理）におけるさまざまな指標の解説や、その測定手法について解説する本を2冊、低温調理器を自作する本を1冊持ち込む。低温調理器自作本については内容を改訂した第3版（頒布実績なし）のダウンロードカードを初版・第2版の購入者に配布する。 また、新刊としてRust Embedded（OS無しでRaspberry Pi上で動作するRust実装）に関する本を頒布する予定。Arm CPUの起動からIPのドライバを実装するまでをRustで実現する。","https://techbookfest.org/event/tbf06/circle/41990001","https://nikutonabe.com/","い17"
"ハロー・ザ・ワールド","まっさん","BLE,Bluetooth,Chrome,FireBase,HTML,JavaScript,WebBluetooth","究極の紅茶を入れるために、BLEで温度管理をして、本当においしい紅茶に必要な温度を追求します。概略：FireBaseでサイト構築→ChromeのWebBluetoothという機能を利用→JavaScriptとHTMLの知識があればBluetooth機器と通信できます！（3/24追記　加速度センサーはやめます）","https://techbookfest.org/event/tbf06/circle/44720003","","い18"
"猫崎製作所","猫崎なお","フリスクサイズ","とにかくちっちゃく作る電子工作。主にフリスクサイズ。","https://techbookfest.org/event/tbf06/circle/71760010","https://nekozakimfg.blog.fc2.com/","い19"
"Mile Stone","zilmina","Arduino,Renesas","ArduinoからRenesas系高性能マイコンへの移行入門を取り扱う予定です。","https://techbookfest.org/event/tbf06/circle/61910003","http://days-for-development.hatenablog.com","い20"
"ふがふが","Kenta IDA","ESP,M,Stack,WioLTE","ESP32、M5StackやWioLTEといった無線通信機能のついたマイコンを使った工作例についての本や基板を頒布します。","https://techbookfest.org/event/tbf06/circle/60310001","http://www.fugafuga.org/","い21"
"MOCHI","mochi","D,DCAD,IoT,io,sakura,soracom,レイヤー","ソフトウェアエンジニア向けにsoracomやsakura.io等のIoT、3DCADでの設計に3Dプリンターでの成型など低レイヤーからハードウェアの入門書。","https://techbookfest.org/event/tbf06/circle/54780001","","い22"
"自動運転同好会","hakuturu583","OSS,ROS,マルチロボットシミュレータ","ROS対応マルチロボットシミュレータと自動運転OSSによるおうちでできる自動運転","https://techbookfest.org/event/tbf06/circle/38470004","","い23"
"いしかわきょーすけ","いしかわきょーすけ","","東アジアの工作機械やロボット関連の展示会紹介本、世界の電子工作雑誌・書籍の評論本、世界の電子パーツ店の評論本","https://techbookfest.org/event/tbf06/circle/58300003","http://www.asahi-net.or.jp/~qx5k-iskw/","い24"
"おこめやエレクトロニクス","_7dki","Analog,Discovery,LTspice,ニキシー","ニキシー管を点灯させるための電源や周辺回路について、既刊の電源回路の本に加えて回路シミュレーションのLTspiceやAnalog Discoveryを活用して回路設計する本を頒布予定です。","https://techbookfest.org/event/tbf06/circle/64110003","https://gachi3lab.blogspot.com/","い25"
"野良HACK","むらまさ","HACK,Qiita,ブログ","ゆるい電子工作ガイド、社内の非公認コミュニティ「野良HACK」のこれまでの活動と歴史、メンバーによる”初心者がQiitaなどの技術系ブログで苦戦する「著者が"当たり前"のこととして割愛した部分」を補足できるような記事”をまとめた本にしたいと思っています。","https://techbookfest.org/event/tbf06/circle/50680002","https://qiita.com/yskmjp/items/cedbfd3f3980c42a8771","い26"
"engineer.hanzomon","kz","ラズパイ","ファミコンにラズパイを格納したプレゼンファミコンです。コントローラでスライドを操作しながらプレゼンしよう！","https://techbookfest.org/event/tbf06/circle/50540001","なし","い27"
"じゅにゃ","じゅにゃ","","電子工作の量産に関する本。プリント基板やレーザーカッター等の利用について","https://techbookfest.org/event/tbf06/circle/36290003","","い28"
"広島電子工作娯楽部","金田 晃","KiCad","電子工作初心者を脱し、自作基板に興味はあるが、なかなか手が出せない人に向けて、KiCad5を用いての回路図作成、基板設計をして見て、まずは基板を作ってみる事を目標に挑戦する。","https://techbookfest.org/event/tbf06/circle/46260003","https://akira-junkbox.blogspot.com/2019/03/6.html","い29"
"しょ〜とらば〜ず","樋口グッピー","CAD","基板CAD入門本,痛基板","https://techbookfest.org/event/tbf06/circle/63940006","https://twitter.com/Short_Lovers","い30"
"MZ工房","みず","GoogleHome,RaspberryPI,アプリ,センサ,リクガメ","リクガメ監視システムバージョン２！リクガメは温度湿度、転倒していないか、などをリモートで監視する必要があります。外で仕事中なときでも様子が知りたくなります。それを各センサからの値を取り込みRaspberryPIをサーバとして外部アクセスできるアプリを作成します。また、GoogleHomeの音声コマンドにて監視出来る仕組みを作りました。","https://techbookfest.org/event/tbf06/circle/65490004","https://sites.google.com/view/mzfactory","う01"
"ひろ亭","長村ひろ","IT,デジタルガジェット","子どもと育てるスマートスピーカー 第２弾！子どもと遊ぶスマートスピーカー 子育てとIT、デジタルガジェットなどを","https://techbookfest.org/event/tbf06/circle/71460002","https://twitter.com/hirosys_","う02"
"牛タンコロッケ","きみちゃん","AI,Alexa,Assistant,Google","Alexa、Google AssistantなどのAIアシスタントが作る未来予想図","https://techbookfest.org/event/tbf06/circle/38220002","","う03"
"天の川オーディオ研究室","assi","GNU,Octave,RaspberryPi,デジタルチャンネルデバイダ","自作スピーカーをマルチアンプで高音質で鳴らすためにRaspberryPiをデジタルチャンネルデバイダにする。またGNU Octaveを使ってフィルタの設計を行う。","https://techbookfest.org/event/tbf06/circle/54500003","https://twitter.com/dangomushi_assi","う04"
"Craft by Sakadon","さかどん","","はじめてのスピーカー工作方法を図解！初心者もオリジナルスピーカーが作れる＆設計できるようになるかもしれない内容と、筆者が今まで作ってきたオリジナル自作スピーカーの設計図面を掲載。増強版として、音楽之友社のスピーカー自作キットの作り方を6ページつかって詳しく解説！","https://techbookfest.org/event/tbf06/circle/59860001","https://sakadon.booth.pm/","う05"
"Guri-Tech","ぐり","BLE,C,ProMicro,ThinkPad,Type,USB","BLEセパレートキーボードを作ってみた1とUSB Type-C搭載ProMicroとThinkPad修理本。BLEセパレートキーボードの新刊はありません。","https://techbookfest.org/event/tbf06/circle/40220003","","う06"
"Pastry Keyboard","foostan","","自作キーボードに関する書籍を頒布します","https://techbookfest.org/event/tbf06/circle/60020001","","う07"
"riconken","riconken","ビルドログ","自作キーボード入門者に向けたキットや、ビルドログをまとめた本などを頒布する予定です。","https://techbookfest.org/event/tbf06/circle/61820002","https://riconken.bitbucket.io/hifumi/","う08"
"天高工房","天高（てんこう）","HHKB,QMKcompatible,split","QMKcompatibleキーボードを扱うためのあれこれの本、およびキーボードキット（HHKB split予定）","https://techbookfest.org/event/tbf06/circle/54770003","https://skyhigh-works.hatenablog.com/","う09"
"無限まゆげ","まゆげ","ガラケー","ガラケーのようにボタンを連打して入力する、ゆるい自作キーボードの製作日記や製作ノウハウ本を出します。","https://techbookfest.org/event/tbf06/circle/50450001","https://twitter.com/FRie_D_SAKANA?s=09","う10"
"ZOB.Club","速水　祐","CPU,Intel,x","Intel x64 CPUアーキテクチャのアセンブラによる高速プログラミング・テクニック","https://techbookfest.org/event/tbf06/circle/40060004","http://zob.club","う11"
"うずうずアライグマ","うずうずアライグマ","/）,Computer,Design,Edition,Icarus,MIPS,Organization,RISC,V,Verilog,and,friends,guideline,https,jp,kemono,ゅうちほ,パタヘネ,フレンズ,フレンズプロジェクト,ー","フレンズと学ぶ、VerilogによるRISC-Vサブセット実装（Icarus Verilogシミュレーター使用）　　   [帯文] はかせたちフレンズと学ぶ、ちきゅうちほーで一番やーさしーRISC-Vサブセット実装本だよ。 「Computer Organization and Design RISC-V Edition」（パタヘネ本）の説明で出てくる単一サイクルのRISC-Vサブセットを、「デジタル回路設計とコンピュータアーキテクチャ」（ハリス本）のVerilogによるMIPSの実装を参考にして実装するよ。自学にもいいよ！  ※けものフレンズプロジェクト二次創作ガイドライン（https://kemono-friends.jp/guideline/）を遵守します。","https://techbookfest.org/event/tbf06/circle/40480001","","う12"
"電脳律速","BOSUKE","BIOS,FPGA,Python,UEFI","UEFI BIOSの機能や仕組みについてほんのり詳しくなれる本・株とPythonでお金儲けを目指すための本・仮想通貨のマイニングをFPGAで高速化するために必要な技術を解説した本　を頒布予定です。","https://techbookfest.org/event/tbf06/circle/65710003","https://d-rissoku.net/","う13"
"国際ソブリ協会","crs","GIS,IoT,Linux","Linux, 電子工作、IoT,GISなどを中心に旬ネタ時事ネタで思いつくまま本を書きます。","https://techbookfest.org/event/tbf06/circle/56500002","http://soburissive.github.io/","う14"
"空と月","じむ、余熱、綾瀬ヒロ、Pochio","D,FlashAir,LAN,PC,SD","無線LAN内蔵SDカード「FlashAir」をレトロPCや3Dプリンタなどで便利に活用するための設定方法や、活用事例などを初心者向けに解説。","https://techbookfest.org/event/tbf06/circle/50610002","http://yone2.net/sora_lua","う15"
"あかまる","あかさか","AI,HW","電子制御されたミニ四駆を用いて、無制御のミニ四駆では走破が難しいコースで競う競技、ミニ四駆AIに関する書物を持っていきます。AIとは名ばかりでゴリゴリの制御の話の本を持っていきます。また今回、HWの頒布も予定しています。","https://techbookfest.org/event/tbf06/circle/48010004","","う16"
"こじくれワークス","ふくふく亭","HDD,MRAM,SSD","半導体メモリとストレージの教科書。フラッシュメモリ、SSD、HDD、次世代不揮発性メモリ、MRAM、強誘電体メモリ、相変化メモリなどを扱います","https://techbookfest.org/event/tbf06/circle/56020003","http://affiliate-with.hatenablog.com/","う17"
"SIGCOWW","SIGCOWWのゆかいな仲間たち","Highway,Input,Output,network,to","これまで発行してきた合同誌の総集編を予定しています。内容は次のとおりです。「コーヒーメーカー・電子棚札の解析」「同人サークルにおける電子決済の導入と運用」「アイドルマスターのキャラクターを題材にしたクラスタリング・化合物部分構造解析・タンパク質・回帰モデルについて」「Input-to-Output Highway network を用いた統計的声質変換の解説と実例」","https://techbookfest.org/event/tbf06/circle/50570003","https://sigcoww.org/","う18"
"はどら秘密研究所","はどら","PC,Pi,Raspberry,eHDD,ニキシー","Raspberry Pi応用自作ポケットPC、eHDD技術解説、ニキシー管表示時計、ニキシー管表示電卓","https://techbookfest.org/event/tbf06/circle/48150001","http://www.kennel.org   http://enpon.blog.so-net.ne.jp/   http://hydra.cx/","う19"
"コテツ商会","山本小鉄","C,L,STM,Windows","WindowsでSTM32というマイコンを動かすための入門書です。C言語を使っての入門書となります。環境のセットアップからLチカまで、初めてマイコンを使う人から、他のマイコンの経験はあるけど、STM32が初めてという人も読んでください。40ページ500円です。","https://techbookfest.org/event/tbf06/circle/42000003","https://kotetsu-yama.booth.pm","う20"
"しょぼんブログ","YUKITO KATO","SCCM,Windows,クライアント,スイート","Windows 10 1809を大規模展開する際に必要となる、マスタイメージ作成ハウツー本と、マイクロソフトのクライアント管理スイート、SCCM 2016の基本設定方法を解説した本です。","https://techbookfest.org/event/tbf06/circle/46180001","https://syobon.jp","う21"
"SaveOurServers.io","柚城あやと","Active,Directory,Windows","Windows Active Directory の解説本","https://techbookfest.org/event/tbf06/circle/50410001","","う22"
"すいみん日和","ik-fib","SSH,Tips","SSHに関する最新情報・Tipsなどをまとめたガイドブックを出す予定です。","https://techbookfest.org/event/tbf06/circle/56040001","https://ik-fib.com/","う23"
"シス管系女子会","Piro","Linux,SE,SSH,Web,シス,ムック","SSH越しでのLinuxサーバーのコマンド操作の勘所を実例ベースで分かりやすく解説する「まんがでわかるLinux シス管系女子」のムックや特別編、キャラクターグッズなどを頒布します。社内SEやWeb開発の現場で働くプログラマーの方、コマンド操作に苦手意識のある方の不安解消に効果てきめん！ 自信を持ってコマンド操作できる中級者レベルへのステップアップにおすすめです！","https://techbookfest.org/event/tbf06/circle/58320001","https://system-admin-girl.com/","う24"
"眠狸亭","zkada","FreeBSD,OPNsense,XigmaNAS","FreeBSDやその派生であるOPNsense、XigmaNASの解説本","https://techbookfest.org/event/tbf06/circle/64020001","","う25"
"馬場研究所","ぶぁぶぁくん","DS,IPoE,IPsec,IPv,Linux,Lite,NGN,PC,VPN,フレッツ,ルータ","自作PCをLinuxルータに改造して、(1)IPv6 IPoE + DS-Liteを用いてインターネットを高速化する、(2)NGN（フレッツ網）で折り返してIPsec VPNを通す、といった趣旨の同人誌頒布を予定しています。","https://techbookfest.org/event/tbf06/circle/42260014","","う26"
"海洋軟件","retrage","EFI,GRUB,Linux,UEFI,stub","EFI stubでのLinuxの起動プロセスの追跡やUEFI上のGRUBでのLinuxの起動プロセスの追跡","https://techbookfest.org/event/tbf06/circle/65580001","https://efi-book.github.io/","う27"
"windhole","風穴 江","Linux","Linuxカーネルに関連した技術をやさしく解説する書籍シリーズ","https://techbookfest.org/event/tbf06/circle/44540002","https://www.facebook.com/windholep/","う28"
"第7開発セクション","tboffice","linux","linuxのコマンドを著しく詳細に解説しています。","https://techbookfest.org/event/tbf06/circle/54370003","https://sites.google.com/site/dai7sec/","う29"
"team zpn","team zpn","Ubuntu","Ubuntuを利用したさまざまなソフトウェア・ハードウェアの活用方法をご紹介","https://techbookfest.org/event/tbf06/circle/71590001","http://team-zpn.com","う30"
"WebでIoTをする会","9wick","IoT,Web,obniz","Webと連携したIoTをする際にどのような手段があるかの話から入り、その一つのobnizという開発ボードの使い方、プログラムの仕方、どんな事ができるか等についての本です。","https://techbookfest.org/event/tbf06/circle/64160001","","う31"
"radiberry pi!","病葉","Redmine,pi,raspberry","raspberry piでラジオを快適に聴取するための本／Redmineをローカル環境で運用するノウハウの本","https://techbookfest.org/event/tbf06/circle/52360007","","う32"
"脱線転轍機","かるだん","DPDK,GbE,LinuxPTP,PTP,TRex,コミケ,トラフィックジェネレータ","DPDKを使ったトラフィックジェネレータであるTRexの構築及び運用あれこれ本をメインにする予定。その他コミケで頒布した高精度時刻同期プロトコルPTPの解説本とLinuxPTPと自宅10GbE化本も持参予定。","https://techbookfest.org/event/tbf06/circle/38470003","https://catchpoint.jp/","う33"
"暗黒通信団","シ","C,Erlang,Linux","主に数学と物理学とLinux、C++関連の本を出しています。今回はErlangの本も持っていきます。","https://techbookfest.org/event/tbf06/circle/56460001","http://ankokudan.org/d/d.htm?index-J.html","う34"
"liumBooks","hikalium","OS,Operating,System","Operating Systemの設計や実装、自作OSをテーマとした小説形式の文章","https://techbookfest.org/event/tbf06/circle/50540003","","う35"
"moppris","mopp","プロセススケジューラ,メモリアロケーター","新刊: プロセススケジューラ本1冊、旧刊: メモリアロケーター本1冊","https://techbookfest.org/event/tbf06/circle/44450001","https://twitter.com/Mopp_jp","う36"
"へにゃぺんて","yohgami","NIC,OS,PC,アプリ,ステップバイステップ,ドライバ,フルスクラッチ,ブートローダー・カーネル・アプリ","フルスクラッチによる自作OSを行っています。今は64ビットPC向け自作OSをステップバイステップで行うシリーズを刊行しています。これまでOSを構成するブートローダー・カーネル・アプリといった要素を少しずつ作っていき、最新刊ではカーネルとアプリをバイナリレベルで分離できるようになりました。技術書典6の新刊では「自作NICドライバ」を予定しています。","https://techbookfest.org/event/tbf06/circle/63920002","http://yuma.ohgami.jp","う37"
"bitnos","uchan","","オペレーティングシステムを自作する際の要素技術の解説本など","https://techbookfest.org/event/tbf06/circle/41980004","","う38"
"JUCE JAPAN 編集部","COx2","AU,C,JAPAN,JUCE,VST,アプリケーション・プラグイン","「JUCE JAPAN」は、クロスプラットフォームなC++ ライブラリ「JUCE」に特化したプログラミング専門書です。本誌特集では「シンセサイザー制作記録」を題材に、「VST/AUプラグインで作るシンセサイザー」について解説します。C++とJUCEで本格的な楽器アプリケーション・プラグインを作ろう！ ","https://techbookfest.org/event/tbf06/circle/40030005","http://www.oufac.com/","う39"
"Code Craft Works","緑野　翁","Qt,アプリケーションフレームワーク","クロスプラットフォーム向けアプリケーションフレームワークQtに関する同人誌です。","https://techbookfest.org/event/tbf06/circle/67790001","","う40"
"pospome","pospome","CircleCI,Docker,GKE,Go,Spinnaker","Go + Docker + CircleCI + GKE + Spinnaker でコンテナを動かすための環境を構築する書籍です。","https://techbookfest.org/event/tbf06/circle/35970001","https://www.pospome.work/entry/2019/04/08/220624","う41"
"141-0031","イチヨンイチゼロゼロサンイチ","Spinnaker,ハンズオン","ハンズオン形式でSpinnakerの使い方を解説します.","https://techbookfest.org/event/tbf06/circle/40350001","","う42"
"カウプラン機関極東支部","wanda4","Ruby,Terraform,jQuery","Ruby、jQuery、インフラ（Terraformとテーブル設計の本は中止になりました。ごめんな）","https://techbookfest.org/event/tbf06/circle/59880002","https://kauplan.org/","う43"
"アルハンブラの畔","バルゴ","Chart,Helm,Kubernetes,デプロイ","Kubernetesのパッケージマネージャーである「Helm」によるソフトウェアのデプロイ方法とHelm Chartの自作方法を紹介します","https://techbookfest.org/event/tbf06/circle/67620005","","う44"
"(稀に)月一勉強会","ques0942","knative","数人でごった煮の本になる予定です。現状確定してるのはknativeの試してみた的なもののみです。","https://techbookfest.org/event/tbf06/circle/42270003","","う45"
"カエルと空","toshi0607","AWS,Knative,Lambda,①,②","①Knativeの仕組み ②AWS Lambdaのユースケース集","https://techbookfest.org/event/tbf06/circle/71450004","","う46"
"おとうふ工房","あおい","kubernetes","マンガでkubernetesについて詳しく説明します。初心者向けの内容です","https://techbookfest.org/event/tbf06/circle/63950001","","う47"
"メンチコロッケカレー","山P、buchy","API,Flutter,Go,Kubernetes,gRPC,アンドロイドアプリ","Goで作成したgRPCのAPIをKubernetesで動かす本、Flutterでアンドロイドアプリを作る","https://techbookfest.org/event/tbf06/circle/42120001","","う48"
"web-apps.tech","nasa9084","Go","Go言語のパッケージを紹介します","https://techbookfest.org/event/tbf06/circle/52180003","","う49"
"Japan Container Days","jacopen","ConcourseCI,Container,Days,GitOps,Helm,Japan,Kubernetes,Microservices,Nuxt,Spinnaker,Terraform,js,showKs,v,アプリ,クラウドネイティブ","昨年12月に開催されたコンテナ技術のイベント "Japan Container Days v18.12" の主催者企画『showKs』 クラウドネイティブ時代のインフラ運用およびアプリ開発のショーケースを目指して行われたこの企画は、100人を超える参加者でマイクロサービスアプリケーションを作り、それをKubernetes上で稼働させるという大きなものとなりました。今回は、そのshowKsの技術的な解説本を頒布します。解説している技術スタック: Kubernetes / Terraform / Helm / Microservices / ConcourseCI / Spinnaker / GitOps / Nuxt.js","https://techbookfest.org/event/tbf06/circle/56220002","http://containerdays.jp","う50"
"すべてがM(icro)になる","ota42y","Mesh,MicroFrontend,Service","マイクロサービスにかんするよろず本　第３弾です。マイクロサービスに関する本や、Service Mesh、MicroFrontend等を予定しています。","https://techbookfest.org/event/tbf06/circle/60290003","https://ota42y.com/","う51"
"ComPandemic","btk","OSS,OpenStack,pi,raspberry,アプリ,クラウドコンピューティング","クラウドコンピューティングのためのOSSであるOpenStackを題材に様々なことを試しています。raspberry pi をOpenStackで管理するなど、現在はインフラ周りの管理を中心に行っていますが今後はそのインフラ上で動かすアプリも検討していく予定です。","https://techbookfest.org/event/tbf06/circle/38190002","","う52"
"うなぎ式","yuukin","ESXi,LXD,Redfish,VMware,netns","サーバ・ネットワークインフラ全般に関する内容を主としています。VMware ESXiの解説やLXDコンテナ、netnsによる仮想ネットワークの操作、Redfishを利用した物理サーバ管理などなどです。","https://techbookfest.org/event/tbf06/circle/56510002","","う53"
"萌えるEIT倶楽部","EcCh@n","OSS,プロプライエタリ・","エンタープライズでも使われているハードウェア製品・ソフトウェア製品（プロプライエタリ・OSS）・サービス（クラウドなど）を使ったノウハウを紹介します。","https://techbookfest.org/event/tbf06/circle/36190003","https://www.sprout-eit.club/","う54"
"ssmjp 同人部","ssmjpドウジンブ","ssmjp","インフラ・運用をメインテーマとする街角勉強会 #ssmjp の有志による同人誌サークルです。 様々な「運用」に関する合同誌を頒布します。","https://techbookfest.org/event/tbf06/circle/54760004","https://ssmd.pkan.org/","う55"
"ファーザーシステム","kyadet","TIPS",""エンジニアの一生"という技術系TIPSを集めた闇鍋TIPS集を出しています。新刊として"エンジニアの一生#2"を持ち込み予定です。","https://techbookfest.org/event/tbf06/circle/59890001","http://furthersystem.com","う56"
"G Storm","tasario","レイヤー","レイヤー2、レイヤー3スイッチをソフトウェアで実装したソフトウェアスイッチについての解説や、ホワイトボックススイッチについての解説本を発行しています。","https://techbookfest.org/event/tbf06/circle/56020002","http://tasario.sakura.ne.jp","う57"
"Yds","みてい","","2017年度(2018年2月測定)の各社ガイドライン測定結果の評論　そのほか携帯電話の技術(低位レイヤ)について","https://techbookfest.org/event/tbf06/circle/67970003","https://blogs.yahoo.co.jp/miteigi_san","う58"
"あれくま","kumaryu","Flash,MSBuild,RTMP,デファクトスタンダード","元はFlashの通信プロトコルでありながら、動画配信において配信元からサーバーへの動画送信のデファクトスタンダードになっているRTMPについて詳細を解説する本を出します。既刊のライブ動画配信のプロトコル概説本「ライブ配信のなかみ」と、MSBuildの使い方解説本「手で書くMSBuild」も持ち込みます。","https://techbookfest.org/event/tbf06/circle/61820003","https://www.kumaryu.net/books.html","う59"
"Develup","@Clorets8lack","","ネットワーク技術に関するクックブック","https://techbookfest.org/event/tbf06/circle/52340002","","う60"
"YUKARI Semiconductor Devices","萱沼真一・北沢紘一","","本職の技術屋が本気で電子工作をした結果レポート及び無線系国家資格受験に役立つ体験記他","https://techbookfest.org/event/tbf06/circle/63900001","","う61"
"お台場計算尺","とみながだいすけ","Julia,RStudio,キャンプ,スマホ","今回は新刊３と既刊３。すべて紙＆電子のセット（商業誌除く）。新刊はスマホでＲ、RStudio での堅実な解析作業の入門、その Julia 版コードと解説。あとは既刊の計算尺の原理、設計法、製作法、歴史の本とキャンプの暖房シミュレーション本。","https://techbookfest.org/event/tbf06/circle/33970004","https://sliderule.booth.pm/","う62"
"じがへるつ工房","Tomo","C,Charge,PD,Quick,Type,USB","Type-CやUSB-PD、Quick ChargeなどUSB規格の雑記帳と、電話交換機の仕組本","https://techbookfest.org/event/tbf06/circle/67750002","https://twitter.com/10mozet","う63"
"Project C.G.S.","mohammedari","MBZIRC,booth,capygs,https,pdf,pm","つくばチャレンジという屋外自律移動ロボットコンテストに、10年近く参加し続けている社会人サークルです。近年はMBZIRCというドローンの自律飛行大会にも出場しました。実環境で動くロボットのアルゴリズムや、大会を通しての経験について掘り下げる本を頒布する予定です。ハードウェアについても紹介するかもしれません。 書籍は後日、https://capygs.booth.pm にてpdf版を販売する予定です。","https://techbookfest.org/event/tbf06/circle/64270002","http://www.capygs.org/","う64"
"はましぎじゅつ","はましぎ","MD,モータードライバ,ロボコン","ロボコン等で使用するモータードライバの作り方の本です！各種部品選定，熱設計等を超詳細に解説するよ！ 君も明日からMDを作れる！","https://techbookfest.org/event/tbf06/circle/67540003","https://hamashigi.hatenablog.com/","う65"
"TY製作所","吉野","D","3Dプリンター及びレーザー加工機の取り扱いや造形物について機械ごとにまとめた漫画本あるいは解説本","https://techbookfest.org/event/tbf06/circle/58040002","https://twitter.com/takayoshino0129","う66"
"PB Make部","kumak1","Arduino,Linux,M,Mac,MicroPython,Stack,UIFlow,Windows,ビギナー,ビジュアルプログラミング,フィットネス","M5Stack について、Windows / Mac / Linux それぞれの開発環境構築と、Arduino / MicroPython / UIFlow を用いたプロダクト開発について、実際に作成しながら解説します。二酸化炭素量を計測して作業環境改善、ボクシングミットと組み合わせてフィットネス、UIFlowでお子さんとビジュアルプログラミング、など他にも取り揃えています。ビギナーの入門用、エキスパートの備忘録、M5Stackの布教用に1冊いかがでしょうか。","https://techbookfest.org/event/tbf06/circle/71750007","https://medium.com/pbmake","う67"
"M5Staff","M5Staff","M,Stack","今話題のM5Stackを多方面に使い倒す同人誌の2冊目を頒布します","https://techbookfest.org/event/tbf06/circle/40250005","https://www.facebook.com/M5Staff/","う68"
"北南書房","ししかわ","Go,M,Stack","物理エンジン、M5Stack、組版ソフト、Go言語など雑多に書きます","https://techbookfest.org/event/tbf06/circle/44840003","","う69"
"aNo研","aNo研","IOT,LINE,M,ROS,Stack,プリン・ア・ラート","せっかく楽しみに取っておいたプリンが食べられてしまった！ 楽しみに取っていたものがなくなってしまうことの悲しさは、筆舌に尽くしがたいものがありますね。 本書「プリンを守る技術」は、そんなご家庭の平和へ忍び寄る危機を円満に解決してくれるデバイス「プリン・ア・ラート」を通して、「M5Stack」でロボットを開発する技術や、LINE/ROS2連携などIOTにかかわる技術の習得ができます。","https://techbookfest.org/event/tbf06/circle/71440001","https://anoken.jimdo.com/","う70"
"farmtory-lab","むらさき","D,M,Stack,mssknd,obniz,with,：@","自分のものを自分で作るwithテクノロジーな活動で作ったものや作り方の話。3Dプリントについて,obnizでの植物育成環境の計測,M5Stack,コーヒー焙煎機の自作や養蜂、低温調理器、異世界転生小説など。サークルカット：@mssknd","https://techbookfest.org/event/tbf06/circle/69560002","https://note.mu/murasaki/m/meffc4264a313","う71"
"MPM","mpm","Ｐａｐｅｒ,Ｒｏｂｏｔｉｃｓ","紙を材料としたロボットの二足歩行に至る進化と原理及び作り方等をＰａｐｅｒ　Ｒｏｂｏｔｉｃｓとして紹介します。","https://techbookfest.org/event/tbf06/circle/38360001","http://www.geocities.jp/kikousya290821/newmpm.htm","う72"
"flying gears","Attun","NHK,ロボコン","ロボット工学・ロボット競技 / 高等専門学校連合会、NHK、NHKエンタープライズ主催のアイデア対決・全国高等専門学校ロボットコンテスト、通称「高専ロボコン」について非公式な大会総合誌です。大会に参加する学生から、参加したことのある卒業生、テレビで見たことのある方、まだ知らない方まで、一通りカバーする内容で制作しています。","https://techbookfest.org/event/tbf06/circle/59840002","https://flyinggears.hatenablog.jp/","う73"
"Mろーず","からす","","かわさきロボット競技大会出場ロボットに関する技術本","https://techbookfest.org/event/tbf06/circle/40050006","http://page.mixi.jp/view_page.pl?page_id=82547","う74"
"アーカム研究所","michele_lap","EV,IBM,IoT,LEGO,Watson","ロボット制御，LEGO EV3，機械学習（IBM Watson），IoT，などの各種成果をまとめた合同誌","https://techbookfest.org/event/tbf06/circle/57970001","https://michele-lap.azurewebsites.net/arcam.html","う75"
"駄目駄耳団","みゃあ","","オーディオ　評論　その他","https://techbookfest.org/event/tbf06/circle/65810001","","う76"
"alpaca tech","たまろん、Akiemon","Fusion,GoogleAIY,Intel,RealSense,d","レーザーカッターでスマートスピーカーのケースを作ってみた。設計にはFusion360         GoogleAIYでスマートスピーカー          Intel RealSenseで3dスキャン","https://techbookfest.org/event/tbf06/circle/69750009","alpaca-tech-3d.com","う77"
"NOID本製作委員会","show,もっちー,岩屋雄介","Alexa,Amazon,Echo,NOID","スマートスピーカーであるAmazon Echoシリーズにて動作するAlexaのスキルを、ノンプログラミングでつくることができる制作ツール「NOID」に関する技術書","https://techbookfest.org/event/tbf06/circle/54700004","https://www.noid.ai/","う78"
"Secure旅団","ken5scal(鈴木研吾)","Web,Wow,エモ,レガシー","「こういうセキュリティもあるんだぜ！」という著者の思いを読者に届け、「お、こういうセキュリティもあるんだ！」というWowと新しい知識を少しでも多くお届けする同人誌を作ります。セキュリティであればジャンルに拘らずバイナリからWeb、機械学習からレガシー、設計からエモ内容など様々な内容を提供します。","https://techbookfest.org/event/tbf06/circle/54310004","","え01"
"きじゃくせい","ごぼてん","ATT,CK,コミケ","コミケで頒布したコンピュータセキュリティに関するコラムです。すいません、ATT&CKの本は落としてしまいました。","https://techbookfest.org/event/tbf06/circle/44470002","","え02"
"KUGIBAKO","kgmyshin","エニグマ","暗号機エニグマの仕組みについて解説しながら、ソフトウェアでシミュレーションしてみたいと思います","https://techbookfest.org/event/tbf06/circle/46200001","https://kgmyshin.booth.pm/","え03"
"ミライ・ハッキング・ラボ","ミライ・ハッキング・ラボ","BadUSB,Web,ハッキング・ガジェット","ハッキング・ガジェット（BadUSB）、Webセキュリティ（脆弱性分析）に関する本を頒布します。","https://techbookfest.org/event/tbf06/circle/58200001","","え04"
"Allsafe","er28-0652","Blue,Ethereum,Go,PowerShell,Team,スマートコントラクト","「Go言語バイナリ解析」「Ethereumスマートコントラクト解析」「Blue TeamのためのPowerShell解析」の解析3本立て！","https://techbookfest.org/event/tbf06/circle/48270004","https://allsafe.booth.pm/","え05"
"SCHEMANEKO","クロネ　コナミ","IT","情報セキュリティを題材としたライトノベルと、対ITオンチ理論武装ノウハウ集です。","https://techbookfest.org/event/tbf06/circle/42210002","","え06"
"Auth屋","Auth屋","OAuth,｡,､","OAuth2.0について理解が曖昧なエンジニアがこの本を読むことで､その必要性､関連用語を簡単におさらいできる本です｡","https://techbookfest.org/event/tbf06/circle/40430007","https://www.authya.com","え07"
"もとほんや","watahani","Connect,FIDO,Nuxt,OpenID,Rails,Ruby,Web,WebAuthn,by,corocn,js,on,reader,shiroica,super,アプリケーションフレームワーク","WebAuthn に関する合本 (Ruby on Rails + Nuxt.jsを使ったパスワードレス認証の実装 by corocn /  WebAuthnライブラリ、Webアプリケーションフレームワーク、アプリケーション。それぞれの責務 by shiroica / FIDOとOpenID Connectの関係について by super_reader / ブロックチェーン技術でデバイスロスに対抗する)","https://techbookfest.org/event/tbf06/circle/67920001","","え08"
"泥酔工具箱","六角 Q レンチ","BLACK,C,CTF,LAGOON,Omake,hex,html,http,q,site,wrench,サイバーセキュリティ","漫画BLACK LAGOONで学ぶサイバーセキュリティ　サイバーセキュリティ、情報セキュリティについて、漫画BLACK LAGOONを題材に学べます。表紙が青いほうが既刊、赤いほうが新刊です。既刊は「解けたら無料キャンペーン」やってます。http://hex-q-wrench.site/C95_Omake.html  いわゆるCTFです。","https://techbookfest.org/event/tbf06/circle/61680005","hex-q-wrench.booth.pm","え09"
"morihi-soc","もりひー","サイバー,ハニーポット","セキュリティ技術の1つであるハニーポット(サイバー攻撃を観測するシステム)で得たログを分析した結果をまとめた技術書を頒布する予定です。","https://techbookfest.org/event/tbf06/circle/69740001","https://www.morihi-soc.net/","え10"
"バイナリイーター","ZickZack","","バイナリ解析に基づくバグ検査の基礎","https://techbookfest.org/event/tbf06/circle/61920005","","え11"
"Webサービス作り隊","加藤泰明","","新刊を2冊出します。","https://techbookfest.org/event/tbf06/circle/54300001","","え12"
"えぬえす工房","NV","IoT","主に市販製品に対するハード・ソフト両方の面からの分解・解析・改造や、IoTセキュリティに関する本を出しています","https://techbookfest.org/event/tbf06/circle/36260010","https://www.ns-koubou.com/","え13"
"脆弱性診断研究会","nilfigo","JDK,Java,OWASP,ZAP","オープンソースの脆弱性診断ツール「OWASP ZAP」を使い倒すためのノウハウをまとめた書籍です。Java（JDK）やOWASP ZAPのインストール手順から解説しているため、脆弱性診断やOWASP ZAPの初心者でも安心です！","https://techbookfest.org/event/tbf06/circle/71460001","https://www.facebook.com/groups/zeijakusei.shindan.kenkyukai/","え14"
"試衛館","dandan_611","","テストモデリング、セキュリティ技術についての解説本を頒布予定です。","https://techbookfest.org/event/tbf06/circle/64060001","https://sites.google.com/site/jinkoupengin/","え15"
"take a party","takapaty","Android,OpenIDConnect,iOS","OpenIDConnectベースの認証基盤との認証機能をAndroid/iOS向けにライブラリ化して自社内に配った話。","https://techbookfest.org/event/tbf06/circle/38470002","","え16"
"IoTSecJP","IoTSecJP","IoT","IoTセキュリティについての本を売ります！","https://techbookfest.org/event/tbf06/circle/58190001","http://ruffnex.net/iotsecjp/","え17"
"おからぼ","おかしん","","ゼロトラストとの概念を分かりやすく噛み砕いた本「ゼロトラスト超入門」と、何かを「始めて」「続ける」為のノウハウが詰まった「はじめる技術つづける技術」を頒布します。","https://techbookfest.org/event/tbf06/circle/58310004","","え18"
"Cryptic Command","sylph01","DNS,SMTP,VCS","新刊予定: DNS技術をセキュリティ・プライバシーの観点から解説する本 / 既刊(物理): コンピュータ科学の学生向け入門書 / 既刊(電子): 技術書典4で頒布したSMTP本と技術書典5で頒布したVCSの本","https://techbookfest.org/event/tbf06/circle/56280001","https://cryptic-command.net/","え19"
"Alice's Atelier","かたわれ","RSA,SP,ツイート","RSA暗号とツイート分析、SP800-53,171とクラウド標準規格","https://techbookfest.org/event/tbf06/circle/40160004","","え20"
"ハロー！旅に出よう","ペンネームはまだ無い","Azure","Azure入門、クラウド入門","https://techbookfest.org/event/tbf06/circle/44730003","","え21"
"Azureもくもく会@東京","kingkino","Azure,Microsoft,Paas,Saas","Microsoft Azureについて最新技術や情報を記載します。Paas・Saasをメインに基本的な操作や監視について情報発信します。","https://techbookfest.org/event/tbf06/circle/36090002","https://azure-moku2.connpass.com/","え22"
"castaneai","castaneai","App,Engine,Google,Web,゙,゙に,゚,アフ,サーヒ,ス,リ","App Engine というGoogleから提供されているWebアプリ運用サービスを使って実用的なWebアプリをいい感じに開発する方法を解説した本です。","https://techbookfest.org/event/tbf06/circle/38080007","https://twitter.com/castanea","え23"
"味噌とんトロ定食","しゅういちろ","CTF,Cloud,Functions,Go,Google,Windows,クラッキング","CTFに参加に必要なクラッキング技術の紹介、Google Cloud FunctionsをGo言語で作ってみよう、Windows10標準ソフトだけで本を作る","https://techbookfest.org/event/tbf06/circle/34050001","","え25"
"ブッチャーソフトウェア","イマジナリーフレンド・アローザ in サメジ部長","AWS,GCP,Youtuber","脳内に住んでいるバーチャルYoutuberが精神世界にAWSやGCPのようなクラウドを構築する方法のノウハウの本です。本物のクラウドとの対比なども行います。","https://techbookfest.org/event/tbf06/circle/52360008","http://samezi-but.com/aroza.html","え26"
"サーバ擬人化ユーザ会","せちろー","AWS","インフラエンジニアにまつわるボードゲーム、AWS関連の技術本を出す予定","https://techbookfest.org/event/tbf06/circle/65780001","https://sites.google.com/site/sgijinka/","え27"
"六木本未来ラボ","六木本未来ラボ所属研究員一味","AWS","AWS脱初心者向け記事をいくつかのテーマで掲載します！","https://techbookfest.org/event/tbf06/circle/34330004","","え28"
"未来進化ラボ","saikachism","AWS","AWS認定資格試験に挑戦する際の学習方法やポイントを解説しています。 脳科学や心理学のテクニック、猫も駆使して、心折れずにAWSの学習を続けていく方法と体験談もまとめています。","https://techbookfest.org/event/tbf06/circle/67890002","","え29"
"メメメモモ","ウチコ","API,AWS,SAM,web","AWS SAMでweb APIを実装する方法を漫画付きで解説","https://techbookfest.org/event/tbf06/circle/40470002","https://twitter.com/memememomo","え30"
"Kinyou_benkyokai","lailaiskyn","CTF,RocksDB,レニー","RocksDB/CTF/レニー","https://techbookfest.org/event/tbf06/circle/65650001","https://kinyoubenkyokai.github.io/book/techbook06/","え31"
"杜の都の開発室","太鼓","Custom,Invent,Lambda,PHP,Runtime,re","昨年のre:Inventで発表されたLambda Custom Runtimeを、みんな大好きPHPと組み合わせて遊んでみる本です。そもそもの使いかたや、各種フレームワークを動かしてみた結果などについて書く予定です。。","https://techbookfest.org/event/tbf06/circle/54690004","https://blog.taiko19xx.net/entry/2019/03/19/193446","え32"
"umitsuki","minamo","AWS,CodePipeline,ブログサイト","AWSのサービス（CodePipeline）を使ってお手軽に自前のブログサイトを運用する方法について紹介する本を頒布予定です。","https://techbookfest.org/event/tbf06/circle/67600001","","え33"
"ヤバイテックトーキョー","ヤバイテックトーキョー","AWS","コンピュータサイエンスの様々な分野(= 定理証明、型システム、マイクロカーネル、AWS、オートマトン)","https://techbookfest.org/event/tbf06/circle/63840002","http://yabaitech.tokyo","え34"
"楽描帳","nasum","AWS,CI,CircleCI,Docker,GitHub,デプロイ","GitHub CircleCI Docker AWSを利用してCIからコンテナのデプロイまでこの本を写経すれば一通り出来る本を書く予定です。","https://techbookfest.org/event/tbf06/circle/67540002","https://www.chirashiura.com/entry/2019/03/24/235804","え35"
"めもおきば","Aki@nekoruri","Serverless,Vol,ssmjp,コミ","クラウドとセキュリティをテーマにしたコラム本を配布します。冬コミで発行した「総集編Vol.1」のほか、アップデート版「Serverlessを支える技術 第3版」と、新刊としてリアルタイムストリーム処理の解説本を出す予定です。 う55「ssmjp 同人部」もよろしくです。","https://techbookfest.org/event/tbf06/circle/58350004","https://d.nekoruri.jp/","え36"
"NP-complete","まさらっき","AWS,Lambda,Ruby","RubyでAWS Lambda","https://techbookfest.org/event/tbf06/circle/63970001","","え37"
"心黒率400%","notman","AWS,Azure,Cache,DB,OSS,Redis,マネージドサービス","AWS や Azure などのクラウド上で展開される OSS マネージドサービスの比較や検証結果、利用パターンについてのまとめ本です。各種 DB や Redis Cache 等","https://techbookfest.org/event/tbf06/circle/56510003","","え38"
"Gravity Pianist","ひゃた","AWS,Amazon,DynamoDB,NoSQL","AWSの提供するNoSQLデータベースサービスAmazon DynamoDBのテーブル設計手法についてまとめた本です。","https://techbookfest.org/event/tbf06/circle/34320001","http://www.gravitypianist.info/","え39"
"はてな技術書典部","はてなエンジニア","","はてなのエンジニアがはてなのプロダクトを支える技術や、個人的に気になる技術について書きます","https://techbookfest.org/event/tbf06/circle/71730007","https://developer.hatenastaff.com/","え40"
"GetFEM++","tkoyama010","C,GetFEM,Matlab,Python,Scilab","GetFEM++ は Python, Matlab そして Scilabのインタフェースを使用可能なC++の汎用有限要素法ライブラリです。このライブラリの目的は有限要素法を用いて線形および非線形偏微分方程式を解くためのフレームワークを提供することです。有限要素近似や数値積分法の選択の柔軟性が特徴の一つです。","https://techbookfest.org/event/tbf06/circle/67540004","https://tkoyama010.github.io/getfem-docs-html-ja","お01"
"仮空制御研究室","白","","システム同定について理論と実機実装及びその応用","https://techbookfest.org/event/tbf06/circle/60350012","","お02"
"Math Relish","α","calculus,fractional","可積分系とマクドナルド多項式についてまとめた書と，位相空間論の導入についてまとめた書の二つが主な頒布物，これらに加えて熱力学ポテンシャルと三角関数の記憶術に関する書．余力があれば，非整数階の微積分 (fractional calculus) についてまとめた書も頒布する．","https://techbookfest.org/event/tbf06/circle/67560004","https://mathrelish.com/","お03"
"docker-machine","@enakai00/@_dr_asa","","いろいろな分野でつかわれている数学をゆるふわな雰囲気で紹介します","https://techbookfest.org/event/tbf06/circle/71540003","","お04"
"守株舎","畑蛤","N,THD","フーリエ変換後のデータからTHD、THD+N等を算出する方法。窓関数を使用したときの補正方法も解説。","https://techbookfest.org/event/tbf06/circle/44810002","","お05"
"不思議の国の入巣次元","いりす","AR,TSP,チャットボット,ハック","情報工学系合同誌！　おうちハック、AR+チャットボット、TSPなどを収録予定！","https://techbookfest.org/event/tbf06/circle/69600001","https://irisuinwl.hatenablog.com/","お06"
"うぉーたーくろーぜっと","べんき","","統計的因果推論の基礎について短く書きます。","https://techbookfest.org/event/tbf06/circle/65710002","https://ben-key.hatenablog.com","お07"
"森北出版","森北出版","AI,PC","逆数学,一般相対論,データ分析・AIのビジネス導入,パターン認識,定理証明,PCクラスタ","https://techbookfest.org/event/tbf06/circle/59870002","https://www.morikita.co.jp/","お08"
"慶應義塾大学宇宙科学総合研究会LYNCS","LYNCS","CanSat,LYNCS","宇宙科学総合研究会LYNCSは、CanSat大会への出場などを行う本部、天体観測などを行う本部、数学や物理学の勉強会を行う本部など、色々な活動を行う本部が集まって出来ています。今回は、それらの本部の活動の報告・紹介などを行なった部誌の頒布を予定しております。","https://techbookfest.org/event/tbf06/circle/65820005","https://lyncs-keio.net","お09"
"アトリエωうさぎ","ωうさぎ","cc,キャブ,レストア","バイク整備、旧車、キャブ、レストア、公道復帰、90cc","https://techbookfest.org/event/tbf06/circle/52260002","https://twitter.com/atelier_wu","お10"
"ちりめん王国","ききぉ","","放射線技師さんがつけている被ばく量を測定するバッチ（個人用線量計）やウランやプルトニウムなどの核燃料物質を臨界させない方法について解説","https://techbookfest.org/event/tbf06/circle/61900001","https://twitter.com/munimuni0071","お11"
"早稲田大学地学愛好会","AGT","","地球科学の参考書および測量についてまとめた本","https://techbookfest.org/event/tbf06/circle/67830001","https://twitter.com/chigakuaikou_w","お12"
"ナンパナクララ","ナンパナクララ代表","qgis","地図技術,qgis,ルート探索","https://techbookfest.org/event/tbf06/circle/58130001","","お13"
"techForMobility","techForMobility",")、,GTFS,JP,ODPT","日本における公共交通機関のオープンデータについて、これまでの経緯やそこに使われているフォーマット(GTFS-JPとODPT)、それらの活用方法、サンプルコードの解説を書きます。","https://techbookfest.org/event/tbf06/circle/60350002","","お14"
"Nyanko sensei","跡池","","公共で公開されている微生物ゲノム情報をどのようにプログラミングやソフトウェアを使って解析していくかをまとめた本になります。","https://techbookfest.org/event/tbf06/circle/34280003","","お15"
"悪魔の視覚研究所","tttttahiti","","弊サークルでは人間の持つインタフェースの中でも最も情報量の多い視覚をテーマとした研究をしています。今回は特に色にまつわるテーマでの執筆を予定しております。","https://techbookfest.org/event/tbf06/circle/52380006","","お16"
"ほしがたタイムカプセル","くゎ","NVDA","(新刊)NVDA入門、(既刊)視覚障害のサポート技術紹介、DAISY作ってみた本","https://techbookfest.org/event/tbf06/circle/44780003","","お17"
"さかさまダイアリー","もひもひ","","情報処理技術者試験の対策本です","https://techbookfest.org/event/tbf06/circle/67680001","http://mohi.hateblo.jp/","お18"
"これなりハウス","これなり","","国立国会図書館の採用試験（情報工学）の考察本の頒布いたします。同試験では「アルゴリズムとデータ構造」や「確率統計」を扱っており、本誌を通じてコンピュータ科学の学習に資することができると考えております。","https://techbookfest.org/event/tbf06/circle/41980005","https://twitter.com/Korenari_D","お19"
"電気羊","もっさん，はぎえもん","...」,CTF,IT,Shell,docker,natas","（1冊目）常設のCTF、natasの1〜20問目までを解説した本「ほぼ初期装備で解くCTF」を技術書典5で配布した。今回は21問目以降をほぼShellで解き解説した本を書きます。（2冊目）「IT何もわからない...」という状態で社会人になってしまい途方に暮れている方向けに多くの職種、現場で必要になると思われる、オブジェクト指向設計、要求仕様(ユースケース)の書き方、論理アーキテクチャなどについての内容を解説する本を書きます！（3冊目）docker本、既刊です。","https://techbookfest.org/event/tbf06/circle/71740002","https://twitter.com/kryptos_nv","お20"
"ヴォイニッチの科学書購買部","おびお","ポッドキャスト,ヴォイニッチ","最新科学情報ポッドキャスト番組「ヴォイニッチの科学書」で2017年、2018年に紹介した化学の話題をそれぞれ1冊の本にまとめました。また別冊として「超新星残骸」「人工衛星100-125」も頒布します。","https://techbookfest.org/event/tbf06/circle/56050003","http://obio.blog.fc2.com/","お21"
"貴とみーつ","みーつ","","コードリーディングの本です。ソフトウェアのソースコードの読み方や読んだ感想などをまとめます。","https://techbookfest.org/event/tbf06/circle/63990001","","お22"
"YFF工房","YF-211","","海洋工学、造船工学を紹介しているサークルです。","https://techbookfest.org/event/tbf06/circle/46500004","https://twitter.com/yf211","お23"
"はんままにあ","mmer547","OpenFOAM,ParaView","ひとつは技術書展5で配布した流体解析オープンソース「OpenFOAM」の本についての続刊です。もうひとつは可視化ソフト「 ParaView」 の使用方法、スクリプト実行などをまとめた本です。","https://techbookfest.org/event/tbf06/circle/36080001","https://note.mu/mmer547","お24"
"はなごよみ","押井徳馬","IME,ゑ","過去文献の引用や文芸活動等で必要な事がある、歴史的仮名遣に特化したかな漢字変換システムを制作するプロジェクトを始めました。今回は「序章」として、現行のIMEの問題点と求められる機能（「ゐ・ゑ」の入力対応、「ゐ・ゑ・を」で始まる語の変換や四段・上二段・下二段活用等の対応、現代仮名遣いによる変換候補の抑制等）をまとめ、オープンソースのIMEを改造してどう制作するのかの設計案をまとめた冊子を発行予定です。","https://techbookfest.org/event/tbf06/circle/38320002","https://osito.jp/dojin/","お25"
"LavenderBlue","水瀬雅美","「',（？）「'","漫画『ゆゆ式』でわかる（？）「'90年代のパソコン通信」「'90年代のインターネット」に関する解説書（漫画＋文章）▽5月発行予定の鉄道技術本もあり．プレビュー版の閲覧のみ可能です．","https://techbookfest.org/event/tbf06/circle/59870003","https://lavenderblue.jp/","お26"
"clear-mint","Yuki Ichinomiya","シス","ひとり情シスのノウハウまとめ本。","https://techbookfest.org/event/tbf06/circle/44840001","http://clear-mint.net/","お27"
"ワークス★こげ山","こげ山こげ太郎","SES,SIer","SES企業からSIerの大規模プロジェクトに送り込まれて気が付けば今年で10年目の私の体験手記（悩みや行き詰まりを解決するヒント集）","https://techbookfest.org/event/tbf06/circle/34100001","https://twitter.com/yaimania","お28"
"旅するエンジニア","あれふ","デジタルノマドライフ,フリーランス,フリーランス・リモートワーク","フリーランス・リモートワークをしているエンジニアたちが、国内外の様々な場所を旅しながら働く様子を、エッセイ・漫画にまとめました。  各国の「働きやすさ」の解説はもちろん、実際に旅しながら働くために必要な準備や、フリーランスで自由に働くための心構え、さらには気になる納税問題についてなど、経験に基づく実際的なノウハウも網羅しています。  やらなきゃいけないことも多いけど、一度ハマると抜け出せない。 そんな自由で楽しい「デジタルノマドライフ」の魅力を、あなたも味わってみませんか？","https://techbookfest.org/event/tbf06/circle/50670012","https://areph.booth.pm/items/1036892","お29"
"足跡出版","mtb_beta","","プログラマーの筆者が、仕事の中でしていたアンチパターンな行動を紹介し、それらの行動の理由やその行動について、今思うことを紹介します。若手プログラマーや若手プログラマーを部下に持つ上司に参考になる書籍となると思います。執筆状況により、分割して出していきます。　今回は、コミュニケーションに関係する行動に焦点を当てたコミュニケーション編が新刊となります。既刊のプロジェクト計画編も増刷してもっていく予定となっています。","https://techbookfest.org/event/tbf06/circle/50340001","https://blog.mtb-production.info/","お30"
"就活工学研究所","主任研究員なっぱ","IT,就","新卒ITエンジニア志望学生向けの就活本を提供します。人生は工学だ。","https://techbookfest.org/event/tbf06/circle/63790001","https://twitter.com/JobTechLab","お31"
"白メシのお供","かまやん","","ごめんなさい。仕事が入って行けなくなりました。","https://techbookfest.org/event/tbf06/circle/69460001","","お32"
"株式会社トリスタ","トリスタ開発チーム","https,inside,jp,trista,トリスタ","株式会社トリスタで働くエンジニア、デザイナーによる、開発のノウハウが詰まった本を頒布します。 https://inside.trista.jp/","https://techbookfest.org/event/tbf06/circle/35980003","https://inside.trista.jp/","お33"
"プロジェクトマネージャ保護者会","びば","ファシリテーション","プロジェクトマネジメント ふりかえり ファシリテーション チームビルディング 育成","https://techbookfest.org/event/tbf06/circle/63940005","https://www.facebook.com/pmhogosyakai/","お34"
"技術コミュニケーション研究所","にわけん","","技術コミュニケーションを普及させ、よりよい組織やマネジメント、円滑な開発の出来るチームのお手伝いを行います。","https://techbookfest.org/event/tbf06/circle/57970003","","お35"
"英断議連","eidan_giren","","「受託開発会社のための　初めての自社サービス開発」という書名で、主に経営／マネジメントの観点から、構想フェーズ／開発フェーズ／収益化フェーズのそれぞれのタイミングで、どのような論点があり、何が成功／失敗を分けるポイントなのかを解説します。","https://techbookfest.org/event/tbf06/circle/38390001","","お36"
"POStudy ～アジャイル・プロダクトマネジメント研究会～","fullvirtue","DevOps,アジャイル","アジャイルやDevOpsの時代の流れを汲んだプロダクトマネジメントについて、もっと探究したいプロダクトオーナー／プロダクトマネージャーの為のコミュニティです。","https://techbookfest.org/event/tbf06/circle/34320009","http://fullvirtue.com/","お37"
"#ksbrb","bash0C7","","エンジニア向けマネジメントや採用、プロモーションについての読み物を頒布予定です","https://techbookfest.org/event/tbf06/circle/54730005","","お38"
"パルヒコさん","モリケイタ","Web","Webディレクターマンガ","https://techbookfest.org/event/tbf06/circle/65820012","https://note.mu/kt_flcl","お39"
"東葛飾PM&A研究所","いなやまふみたか","","ソフトウェア開発に必要となるチームビルディング、プロジェクトマネジメント 、エンジニアの育成をテーマにしています。","https://techbookfest.org/event/tbf06/circle/59990002","http://inayama.hatenadiary.jp/","お40"
"エゥーゴ","argama147","C,IoT,Qt","【新刊】IoT入門 【既刊】Qt5/C++入門","https://techbookfest.org/event/tbf06/circle/50400002","https://qiita.com/argama147","か01"
"豆部","shin1","D,Qt","Qt3Dを使って3Dアプリケーションの作り方を解説します。","https://techbookfest.org/event/tbf06/circle/54540001","","か02"
"eMbLog","sazus","C,Python,Qt,Tool,アプリ,アプリケーションフレームワーク","アプリケーションフレームワーク Qt を使用してマルチ言語なアプリケーションを作ってみませんか？ QtならC++でもPythonでも多言語対応するのに便利なToolがもりだくさん！ いろんな機能をピックアップして「はじめてのQt - 簡単！アプリを多言語化しよう」書きました。","https://techbookfest.org/event/tbf06/circle/65860002","","か03"
"daisy bell","MNukazawa","GTK,Qt,electron,font","fontをバイナリファイルとして何もないところから作る本。また、GTK/Qt/electronの再販を予定しています。","https://techbookfest.org/event/tbf06/circle/58160001","https://twitter.com/MNukazawa","か04"
"理ろぐ","理音伊織","Office,Open,Qt,Quick,XML,アプリ","新刊にOffice Open XMLに入門する本と、既刊にQt Quickアプリの設計方針の参考になる情報をまとめた本を頒布します。","https://techbookfest.org/event/tbf06/circle/50300001","http://relog.xii.jp/","か05"
"The Foo!","Kami / Radian","HCI,Radian,Word,kami,marugerin","HCIカラーリングの理論と数的プログラミング本(kami), アンプ回路作成本(Radian), Word執筆術本(marugerin)","https://techbookfest.org/event/tbf06/circle/58100001","https://the-foo.tokyo","か06"
"Fnow","ツジセアオイ","CMS,OS,OSS","主にマイナーOSについての本と、あとはCMS中心ですがOSSを使う、導入する際の比較検討などを中心にした記事を取り扱います","https://techbookfest.org/event/tbf06/circle/57960005","https://fnow.org","か07"
"tomo-makes","tomo-makes",")。,Amazon,Colaboratory,Google,Sagemaker","趣味で仕事で機械学習に関わるメンバによる合同誌「機械学習の炊いたん。（仮）」。実践から数理まで幅広いトピックを取りあげます! Amazon Sagemaker, Google Colaboratory, 実践だけでなく、知って嬉しい機械学習の理論も取り上げる予定(執筆者調整中)。前回技術書典5以降750部以上手にとっていただいた、初学者のための機械学習・深層学習チュートリアル(既刊)が、商業本としてカムバック。","https://techbookfest.org/event/tbf06/circle/56510006","https://qiita.com/tomo_makes","か08"
"DevRel Meetup","goofmint","","エンジニアのための英語学習、エンジニアのためのマーケティング本などを配布します。","https://techbookfest.org/event/tbf06/circle/40030003","https://devrel.tokyo","か09"
"インターステラ株式会社出版部","インターステラ株式会社出版部","Web,スクレイピング","Webスクレイピング","https://techbookfest.org/event/tbf06/circle/38350001","","か10"
"yagitch.com","yagitch（やぎっち）","AWS,Pragmatic,Terraform,Tips,on,チビドラゴン,ブログ,ポッドキャスト","エンジニア向けに、ブログや本、登壇やポッドキャストなどのアウトプットを継続していくためのテクニックまとめ本『継続的にアウトプットする技術』を頒布予定。行動科学や心理学に裏付けされたTipsを多数解説。ほかに委託本としてTerraformを使ってAWS上にシステムを構築するノウハウ本『Pragmatic Terraform on AWS』、モデリング（設計）の学習方法と社内勉強会の進め方ノウハウ本『もくもくモデリングの森を旅するチビドラゴンの軌跡』を頒布予定。","https://techbookfest.org/event/tbf06/circle/71480001","https://yagitch.com/","か11"
"Sylphid Software Systems","風野旅人","","文庫本作成ツール・威沙の最新版の頒布、及び詳説テンプレート・超簡単な威沙の使い方など過去の配布物の再販を行う予定。","https://techbookfest.org/event/tbf06/circle/40040001","http://tokimi.sylphid.jp","か12"
"(有)ねこのしっぽ","ねこのしっぽ有志","","印刷機械とその技術","https://techbookfest.org/event/tbf06/circle/63780001","https://www.shippo.co.jp/neko/","か13"
"火薬400g","hogehuga","アンチドローン","アンチドローン,ログ確認","https://techbookfest.org/event/tbf06/circle/48320001","","か14"
"だめぽラボ","mod_poppo","ClutTeX,LaTeX","LaTeX処理自動化ツール「ClutTeX」の解説本を出します。","https://techbookfest.org/event/tbf06/circle/65820001","https://lab.miz-ar.info/","か15"
"職業プログラマの休日出勤","@t_motooka","PostScript,SVG","テキストエディタを使ってSVG画像やPostScript文書を作成するための本を頒布します。","https://techbookfest.org/event/tbf06/circle/67530001","https://www.tmotooka.com/books/","か16"
"暗黙の型宣言","レプトケファルス","Fortran,Python,Word,アカデミックプレゼン","Wordの数式入力環境についてまとめました．Wordでは未だに数式エディタが使われることがありますが，Word 2007から導入された「数式」（数式入力環境）は，数式エディタとは全てが異なります．「数式」が導入されてから10年以上経ちますが，未だ数式エディタを指して，Wordの数式入力が使い難いという批判が行われています．一方で，「数式」はWordと密接に関係しているので，Wordにも習熟していないと使いこなすのが難しい環境であることも事実です．新刊では，そのような「数式」を徹底的に解説します．既刊として，「Fortranによる実践オブジェクト指向プログラミング」「徹底練習！アカデミックプレゼン」「流体計算で覚えるPython3」も頒布します．","https://techbookfest.org/event/tbf06/circle/44580002","https://twitter.com/implict_none","か17"
"FlightBooks","ku-suke","Markdown,flightbooks,https,pub","Markdownを使った執筆環境 https://flightbooks.pub/ で作られた本を合同で販売しています。その他同人誌執筆・販売についても考察予定","https://techbookfest.org/event/tbf06/circle/52120002","https://flightbooks.pub/","か18"
"あらど島","tomochan","Asciidocor,attributes,ifdef,include","みんな使っているAsciidocorで自動化してもなくならない運用手順書や仕様書を効率よく作成・保守するための実用例を書きます。もうincludeとattributesとifdefさえあれば良い・・・","https://techbookfest.org/event/tbf06/circle/69760001","","か19"
"ソラソルファ","藤原惟","Markdown,メイキング・オブ・,ライティング","Markdownの基本と活用法を紹介する『Markdownライティング入門』と、その本ができていく過程やこぼれ話についての新刊エッセイ『メイキング・オブ・Markdownライティング入門』を頒布します。またサークル「仲見研」からの委託本として、『なかみ博士の気になるの気になる学術系ニュース』2019年3月 春号も頒布致します。","https://techbookfest.org/event/tbf06/circle/60050001","https://note.solarsolfa.net/m/mefa5f72c6531","か20"
"niszet工房","niszet*","Markdown,OOXML,Pandoc,R,Word","R MarkdownでWord文書を作るために必要なPandocやOOXMLについての説明など","https://techbookfest.org/event/tbf06/circle/57940001","","か21"
"Vivliostyleユーザー会","緑豆はるさめ","CSS,Vivliostyle","CSSを使ったオープンソースの組版ソフトウェア「Vivliostyle」ユーザー有志による合同誌が出ます！ 多分！","https://techbookfest.org/event/tbf06/circle/46140004","","か22"
"落雷スプライト","大賀サク","InDesign","同人小説本を出したい人向けのInDesign解説本","https://techbookfest.org/event/tbf06/circle/67860002","https://twitter.com/ogs_52843","か23"
"r360study","森和恵","Adobe,Dreamweaver,UI,XD,ウェブ,ウェブコーディング,ビジュアルレイアウト","「Adobe Dreamweaver ビジュアルレイアウト」（ウェブコーディングの本）と「Adobe XD アニメーションレシピ」（ウェブのモーションUIをXDで作る本）の２冊の新刊を発行予定。","https://techbookfest.org/event/tbf06/circle/44920008","https://twitter.com/r360studio","か24"
"SLEEPYHEAD by Futon.","ginrei","Adobe,Ai,ClipStudio,Ps,Script,UI","プロダクトデザイン・UIデザイン系理論書と、Adobe Ps/Ai Script・ClipStudioアニメーションなど創作系の自動化スクリプト本、","https://techbookfest.org/event/tbf06/circle/34330005","http://futonweb.net","か25"
"屋根裏ハンモック","かきもち","AfterEffects","AfterEffectsのスクリプトを紐解き、オリジナルのエフェクトを作ってみましょう日記","https://techbookfest.org/event/tbf06/circle/36220004","","か26"
"MOBIUS Seeker","神威光司","JSX,Photoshop","PhotoshopスクリプトJSXのサンプルコード本","https://techbookfest.org/event/tbf06/circle/54610004","","か27"
"Taz Books","466548","Adobe,vol","Adobeアンソロジーvol1,Adobeアンソロジーvol2","https://techbookfest.org/event/tbf06/circle/44410001","","か28"
"CGメソッド","すいみん","D,Live,メイキング","Live2Dメイキング本","https://techbookfest.org/event/tbf06/circle/44420003","https://www.cg-method.com/","か29"
"YATAYA2000","無頼/【たに なつみ】 ","C,D,Live,Twitter,メイキング","主にTwitterでアップしているLive2Dを使用したアニメーションのメイキング本。現状では「にじさんじ」のキャラクターのアニメーションのメイキングを本としてまとめる予定。「にじさんじ」のキャラクターを用いているので厳密には二次創作にはなるが、本の内容はキャラクターの二次創作についてではなく、あくまでLive2Dアニメーションについての本。コミックマーケットC95で同様の書籍の頒布経験あり。","https://techbookfest.org/event/tbf06/circle/60240002","http://yataya2000.com/","か30"
"osakana.factory","未識魚","","情報理論や統計分析による作画技法論。機械学習など進める際の基礎理論に。","https://techbookfest.org/event/tbf06/circle/58350001","http://ofo.jp/","か31"
"Heriet","heriet","EDG,EDGE","ドット絵に関する技術書を書きます。今回はソフトウェアEDGEおよびEDGE2で利用されている画像形式EDGの仕様を解析した非公式の仕様書を頒布します","https://techbookfest.org/event/tbf06/circle/36070002","","か32"
"よぴたんなの。","yopita_","UI","UIの作り方。計算機科学の世界において、いままでどのようにUIが作られてきたか、どのように作ればいいのか、また最新研究や事業化の話まで。UIを作る入り口としての書籍を書こうと思っています。","https://techbookfest.org/event/tbf06/circle/52330005","","か33"
"あーるすりー同人部 with ハッカソンアイドル(自称)","くらら","Customine,VTuber,gusuku,kintone,ハッカソン","ノーコードでkintoneカスタマイズできるgusuku Customineの紹介漫画、個人でハッカソンで制作したものも展示する予定（VTuberハッカソンなど…）","https://techbookfest.org/event/tbf06/circle/58350007","https://blog.r3it.com/custominedoujinshi-ea2f594e86b5","か34"
"いつでもぐりーんぼーい","Grnboy","UI,UX","UI/UXが大好きなエンジニアが、デザイナーやディレクターを巻き込んでデザイン課題の解決や業務フローの改善を行った体験記。また、そのノウハウを余すところなく公開致します！","https://techbookfest.org/event/tbf06/circle/58360007","","か35"
"flexbooks","flexbooks編集部","UI","現場で使えるUIハンドブック的なものを散布予定です。あのUIなんていう名前だったっけ？とかどのライブラリで実装できる？など現場で困ったときに使えるようなものになる予定。","https://techbookfest.org/event/tbf06/circle/71560002","","か36"
"6Q.design","ろくぜうどん","STUDIO,Web,サイトビルダー","無料で利用できる、デザイン性の高い国産WebサイトビルダーSTUDIOのハウツー本を頒布予定です。","https://techbookfest.org/event/tbf06/circle/56470001","https://twitter.com/rokuzeudon","か37"
"Data Visualization Labs Path","ゆかり先生","BI,D,Excel,PowerBI,Qlik,Tableau,データビジュアライゼーション・ビジュアルアナリティクス,ビジュアライゼーションツール,ベストプラクティス,メンタリティ","データビジュアライゼーション・ビジュアルアナリティクスに関して、表現形式の概念・理論体系をベースとし、筆者が実務を通して身につけたコツや技術向上のためのメンタリティを纏めた本です。筆者はTableauを本の中で使用しておりますが、ExcelやPowerBI,Qlikなど他BIは勿論のことD3等どのようなビジュアライゼーションツールでも、視覚的効果のベストプラクティスとして参考になる内容です。","https://techbookfest.org/event/tbf06/circle/69730002","https://twitter.com/DataVizLabsPath","か38"
"Goodpatch Inc.","Goodpatch有志一同","Goodpatch,Web,スマートフォンアプリ","Goodpatchを支えるWebやスマートフォンアプリの開発技術やデザインに関することなど","https://techbookfest.org/event/tbf06/circle/56020005","","か39"
"SIGNIA","ななうみ","UI","使いやすく機能するUIを作れるようになる本を頒布予定。デザインを因数分解して、内容を理解し、実践できるような本になります。デザイン初心者でもわかりやすく、平易な言い回しを多く使っているのが特徴です。詳しくは頒布物の紹介項目をご覧ください。本文のサンプルも閲覧いただけます。","https://techbookfest.org/event/tbf06/circle/47950009","https://signia.booth.pm/","か40"
"ふぃーるどのーつ","せとあず","AppCenter,CD,CI,Forms,Studio,Visual,Xamarin","新刊は「Visual Studio AppCenterではじめるはじめてのXamarin.Forms CI/CD」の予定です。","https://techbookfest.org/event/tbf06/circle/38160002","http://pub.fieldnotes.jp/","か41"
"まどや","ラルフ・みずね・ちゅうこ","Android,Azure,Kotlin,Microsoft,NET,Windows,Xamarin,（.","既刊についてはMicrosoft周り（.NETやXamarin、Azure、Windowsなど）を、新刊についてはAndroid、Kotlin周り","https://techbookfest.org/event/tbf06/circle/36240011","","か42"
"legio","januswel","Native,React","React Native で発展的な話題","https://techbookfest.org/event/tbf06/circle/59930002","https://legio.booth.pm/","か43"
"TEAM HOTATE","Yuri & Kaoru","Algolia,Firebase,Native,React,アプリ,ネクストステップ","React Nativeへの理解を深めるネクストステップ。ネイティブモジュールを使えるようになろう！有名なFirebaseと検索エンジンのAlgoliaを連携させて音声でお酒を検索できるアプリが作れます！","https://techbookfest.org/event/tbf06/circle/69720003","","か44"
"からまげ＠うまうまだよもん","karamage","Firestore,iOS,アプリ","「エンジニアの心を整える技術」と「FirestoreによるiOSアプリ開発」","https://techbookfest.org/event/tbf06/circle/44420005","https://karamage.booth.pm","か45"
"おいすラボ","おいす","Native,React","実践 React Native プロジェクト構成からリリースまで ","https://techbookfest.org/event/tbf06/circle/54720004","https://twitter.com/pktn","か46"
"CCの会","out_of_kaya,macchan_ok ,Nakami‏, papa98765432 ‏","AmazonEcho,Angular,GatsbyJS,Nuxt,js","4人の執筆者がNuxt.js, Angular, AmazonEchoスキル開発、GatsbyJSについて自由に書きました","https://techbookfest.org/event/tbf06/circle/46430002","https://ccnokai.npathfinder.info/","か47"
"IM@Study"," imasbook","Meetup,アイマス,アイマスハッカソン・アイマスエンジニア","アイマスハッカソン・アイマスエンジニアMeetupなどから生まれた『アイマス×エンジニア』の作品に携わる有志による合同本","https://techbookfest.org/event/tbf06/circle/54670006","https://imas.connpass.com/","か48"
"kuluna.class","kuluna","API,Android,DataBinding,RESTful,アプリ,アプリチーム","これからAPIを作る人も APIと通信するアプリを作る人も、APIがうまく作れない人も アプリチームとうまくコミュニケーションがとれない人も  RESTful APIに関する全て(?)の悩みをここで解決します！ 既刊はAndroidのDataBinding実践本です。","https://techbookfest.org/event/tbf06/circle/46230001","https://twitter.com/kuluna","か49"
"OreQueue","おれきゅー","Nuxt,SpringBoot,Web","SpringBoot+NuxtでWebサービスを作ってみる本を出す予定です","https://techbookfest.org/event/tbf06/circle/56500001","","か50"
"愛宕文庫","ledsun","Ruby","プログラミング言語Rubyにおける並行処理・並列処理全般について扱います。","https://techbookfest.org/event/tbf06/circle/52380010","","か51"
"Kishima Craft Works","Kishima","PDF,VM,c,mruby","昨年12月にリリースされたばかりのmruby2.0.0のVMの基本的な動き方と、コンパイラが生成するバイトコードの命令群の一つ一つを解説したリファレンス的な内容の本となっています。命令の概要の紹介だけでなく、実装を参照しつつ、どのように命令の処理がVM上で実現されているのかについても解説しています。mrubyのVMの気持ちになりたい方におすすめの本です。またmruby/cについて解説した既刊「mruby/cの小さな世界」の改訂版も少量持っていく予定です。PDF版も準備中です。","https://techbookfest.org/event/tbf06/circle/60340012","https://silentworlds.info/my-books/","か52"
"みさきとミギー","youchan","JavaScript,Opal,Ruby","Rubyの本をいくつか出展いたします。RubyからJavaScriptへ変換するコンパイラOpalの入門書やRubyで自然言語処理をするなど。","https://techbookfest.org/event/tbf06/circle/42020002","http://blog.youchan.org","か53"
"トレイリア学園","kinoppyd","Gem,Ruby,Sinatra","メタプログラミングRuby第２版の中で取り扱われている多くのテクニックを、現実のGemがどのように利用しているのか、Sinatraにフォーカスを当ててコードを読み、解説していきます。","https://techbookfest.org/event/tbf06/circle/47950006","http://tolarian-academy.net","か54"
"Ruby超入門オブジェクトさんファンクラブ","igaiga","Rails,Ruby","Ruby入門書を1冊、Ruby,Railsの勉強法について1冊","https://techbookfest.org/event/tbf06/circle/56370001","https://twitter.com/igaiga555","か55"
"Ginza.rb","ken1flan","Rails","脆弱性を持たせたRailsアプリケーションに攻撃して体験する本となにかとミートアップ画集豆本2冊。","https://techbookfest.org/event/tbf06/circle/44710002","http://ginzarb.github.io/","か56"
"アリンコの涙","なおき","Fido,Go,PostgreSQL,Rails,UNIX,plpython,コマンドラインアプリ","Railsを利用したFido認証の作成,UNIXの基礎,Goで作るコマンドラインアプリ,PostgreSQL plpythonいじってみた","https://techbookfest.org/event/tbf06/circle/34120001","https://arinko_namida.gitlab.io/201904/","か57"
"FISM株式会社","ふぃずむ","","紙媒体とデジタルコンテンツ","https://techbookfest.org/event/tbf06/circle/44790004","","か58"
"エムスリーエンジニアリンググループ執筆部","エムスリーエンジニアリンググループ執筆部","エムスリー","エムスリーで働くエンジニアが業務や趣味で得た知見を技術書にまとめます","https://techbookfest.org/event/tbf06/circle/46360001","https://www.m3tech.blog/entry/m3techbook-01","か59"
"ツインテール欠乏症","あるてみかん","MySQL","MySQL関連の内容を予定していますが、状況により変わる可能性もあります。","https://techbookfest.org/event/tbf06/circle/61920008","","か60"
"AliceSystem","ありす ゆう / インフラエンジニアの毒舌な妹","IP,LDAP,Postfix,SQL,TCP","新刊はSQL全般の解説書を準備中です。既刊として、TCP/IP入門書、LDAP入門書、Postfix入門書を持ち込む予定です","https://techbookfest.org/event/tbf06/circle/40230001","http://aliceyou.air-nifty.com/","か61"
"jbking","jbking","Django","商業誌に載らない系のDjangoでの開発本(既刊)と新刊(何か出します…)を頒布します。","https://techbookfest.org/event/tbf06/circle/33990001","","か62"
"あきよこブログ","akiyoko","Amazon,BOOTH,Django,Framework,Python,REST,ブログ","Python / Django 推しサークルの「あきよこブログ」です。 技術書典6では、Django 本の第三弾となる「現場で使える Django REST Framework の薄い本」を新刊で頒布予定。 おかげさまで、過去に頒布した同人誌は累計4,500部突破！（BOOTH および Amazon での販売数を含む）","https://techbookfest.org/event/tbf06/circle/52260001","http://akiyoko.hatenablog.jp/","か63"
"あくあたん工房","あくあたん","Android,Django,React,Web,アプリ,セキュア","京都工芸繊維大学のものづくりコミュニティ「あくあたん工房」のメンバーによるオムニバス形式の技術同人誌です．React + Djangoで研究室配属希望調査Webアプリケーションを作った話やAndroidアプリでデータをセキュアに扱う話など，それぞれが普段活動している中で得た知見をまとめた記事を載せる予定です．","https://techbookfest.org/event/tbf06/circle/44540001","https://www.aquatan.studio","か64"
"ザ・シメサバズ","ザ・シメサバズ","firebase,js,netlify,vue,web","netlify入門書、vue.jsとfirebaseで作るミニwebサービス","https://techbookfest.org/event/tbf06/circle/44420001","http://mymarkdown.firebaseapp.com/","か65"
"こりん堂","kondoyuko","Firebase,GitHub,Netlify,Pages,サイトホスティング","各種クラウドサービスを活用した静的サイトホスティングの入門書（GitHub Pages、Firebase、Netlify対応）","https://techbookfest.org/event/tbf06/circle/67620002","https://yuko.pub/","か66"
"つのぶえ出版","つのぶえ出版","Gatsby,Gridsome,JAMstack,Netlify","Netlify, JAMstack, Gatsby, Gridsome","https://techbookfest.org/event/tbf06/circle/71450005","https://mottox2.com/posts/324","か67"
"VEGA Tech","ponday","CI,Components,GitHub,Gridsome,JAMstack,LitElement,Netlify,Travis,VuePress,Web,contentful","Gridsomeの紹介とGridsome,contentful,GitHub,Travis CI,NetlifyでのJAMstackなサイト制作フローの紹介、VuePressによる静的サイト構築、Web ComponentsおよびLitElementの入門書、エンジニアチームマネジメントについて","https://techbookfest.org/event/tbf06/circle/56060003","","か68"
"scrp","scrpgil","Firebase,Ionic,メッセージングサービス","Ionic4+Firebaseを使って匿名メッセージングサービスを作る本です。","https://techbookfest.org/event/tbf06/circle/34010001","","か69"
"ハムカツおじさん🤘","ハムカツおじさん🤘","Expo,Native,React,デプロイ,ビルド","ノウハウ無しでも一人でなんとかなるReact Native(Expo対応)の開発環境構築/ビルド/デプロイ/運用。1人でもチーム開発環境が作れるようになる本。#1人チーム本","https://techbookfest.org/event/tbf06/circle/48030001","","か71"
"N4+","なのなの","Electron,Flutter,Vue,js,デスクトップアプリ","Vue.jsとElectronを利用したデスクトップアプリの開発ノウハウ（環境構築から「○○するにはどうすればいいか」まで）を実例を交えて解説する本と、Flutterをこれから始める人のためにオリジナル擬人化キャラと共に入門以前レベルを学ぶ本を頒布予定です。現状、Vue.js+Electron本がメインとなる予定です。","https://techbookfest.org/event/tbf06/circle/54320001","","か72"
"きじのしっぽ","け","Node,Pi,Raspberry,js,ジョブ","Raspberry Piで録画サーバを構築するハウツー本／Node.jsで作るジョブ運用システムの本","https://techbookfest.org/event/tbf06/circle/46130001","https://k-s.booth.pm","か73"
"Monochrome","汐瀬なぎ","HooksAPI,React,SPA","ReactでSPAを制作するノウハウ解説本です。React16.8で追加されたHooksAPIをメイントピックとして取り上げ、SPA構築の基礎からルーティングやヒストリーといったSPAが抱える複雑な問題に対処する方法を解説します。","https://techbookfest.org/event/tbf06/circle/34320007","https://twitter.com/polyxx/","か74"
"cat /dev/null","のりたま","CocosCreator,HTML,Twitter,TypeScript,russianblue","HTML5ゲームエンジン CocosCreator + TypeScriptの初めの一歩を踏み出すための本です。 HTML5ゲームとCocosCreatorに興味がある方はぜひ。 Twitter: @russianblue375","https://techbookfest.org/event/tbf06/circle/44920011","","か75"
"東京ラビットハウス","erukiti (えるきち)","Hooks,React","React Hooks","https://techbookfest.org/event/tbf06/circle/42100001","https://note.mu/erukiti/n/n1e082f36e95c","か76"
"アーチ技術部","アーチ技術部","Blender,Fabric,GitLab,Griffith,Next,Now,Python,Scrapbox,Slack,TypeScript,Web,ZEIT,js,ラフスケッチ","アニメを支える技術に関する56ページの冊子「アニメ技術 2019春」を頒布します。アニメ作りを支える技術、とくに絵コンテに関する創作支援技術にフォーカスしています。絵コンテの基本や既存ツールの概説など、デジタル化するアニメ制作の「今」が分かります。また、開発中のWebベースの絵コンテ制作支援ツール「Griffith」を紹介しています。Slack/Scrapbox/GitLab/ZEIT Nowなどを活用してTypeScript/Next.js/Fabric.jsといった要素技術を用いて開発しています。さらに、ゲスト寄稿ではPythonからBlenderを使う方法、深層学習でラフスケッチを線画化する技術についても執筆いただいています。このように、技術が支えるアニメ制作の「明日」も垣間見える内容です。","https://techbookfest.org/event/tbf06/circle/52360006","https://research.archinc.jp/anitech/","か77"
"deno-ja","deno-ja","Deno,JavaScript,Node,TypeScript,js","新進気鋭の TypeScript / JavaScript ランタイム Deno を用いたソフトウェア開発についての合同誌。 Node.js の次の時代を切り開いていく Deno を紹介する日本で初（？）の冊子です","https://techbookfest.org/event/tbf06/circle/58330003","https://scrapbox.io/deno-ja/Denobook_01","か78"
"潜推艦","Takepepe","TypeScript","TypeScript3.4 型の強化書","https://techbookfest.org/event/tbf06/circle/40060001","","か79"
"neko-note","mya-ake","Lambda,Nuxt,js,neko,note","Nuxt.js を Lambda で動かし本番運用するためのノウハウ本とカンファレンスのデザインに関する本を頒布します！あと neko-note ステッカーなども頒布します🐈","https://techbookfest.org/event/tbf06/circle/63760001","https://neko-note-help.booth.pm","か80"
"NCC開発局","3846masa / fmsuvM","PWA,Web,アプリ,カメラアプリ,ハンズオン","前作の「カメラアプリを PWA で作る」話に続き、PWA な Web アプリのハンズオン本を頒布します。また、機械学習の薄い本も頒布予定です。","https://techbookfest.org/event/tbf06/circle/52370008","","き01"
"Stableton","u","Android,Heroku,Now,Zeit,iOS,アプリ,デプロイメント,ハンズオン","超速デプロイメントを実現するプラットフォーム入門&ハンズオン（Zeit Now・Heroku・iOS/Androidアプリ編）","https://techbookfest.org/event/tbf06/circle/46490009","","き02"
"北大IT勉強会A","北大IT勉強会A","IT,LLVM,Optuna,Rust,Web,ハイパーパラメータチューニングツール,フリマアプリ,ホクマ","北海度大学の学生サークル「北大IT勉強会」のメンバー４人による技術書です。Webフリマアプリ「ホクマ」の開発話、Rustでネットワークプログラミングする話、ハイパーパラメータチューニングツール「Optuna」の解説、LLVMコンパイラのわかりやすい説明など。","https://techbookfest.org/event/tbf06/circle/61900008","https://twitter.com/huitclub/status/1107257767775993856","き03"
"わんにゃんショップ麦","@mugi_uno","Vue,jQuery,js,to,カワイイ,レガシーフロントエンド","心理的安全を保ちながらレガシーフロントエンドをモダンに改善していくためのリアルな現場で使えるノウハウをまとめた本を頒布します。表紙はカワイイですが、筆者が2年ほどやってきたフロントエンドの改善経験がベースになっており、中身はゴリゴリに現実的な話です。jQuery to Vue.jsを実際に書き換える流れを段階的に追っていくことで実践的に学べるような構成になっています。","https://techbookfest.org/event/tbf06/circle/40310003","http://mugi1.hateblo.jp/entry/2019/03/09/163443","き04"
"PWA Night","PWA Night","PWA,Tips","PWAの実装やライブラリの活用方法・構築のTipsなど技術的な面はもちろん、実際にどんな場面で適用できるのかなどをまとめた本になります。","https://techbookfest.org/event/tbf06/circle/50530002","","き05"
"データ見える化の学校","矢崎裕一","","日本語であまり存在していないデータ可視化の原理原則についてわかりやすくまとめた本になります。","https://techbookfest.org/event/tbf06/circle/60350016","http://visualizing.jp/","き06"
"イモに聞け","imonikike","JavaScript","JavaScriptの書き方を考察する本を頒布します。フレームワークやライブラリに依存しない素のJavaScriptを扱います。（今回はJavaScript本のみです）","https://techbookfest.org/event/tbf06/circle/46240001","","き07"
"@SongleJp","ひなた","API,Songle,ウェブサービス","音楽情報処理と呼ばれる音楽に関する情報技術分野の紹介します。具体例として、音楽を解析するウェブサービス Songle が提供する Songle API を利用した音楽情報処理プログラミングの入門記事を執筆します。","https://techbookfest.org/event/tbf06/circle/67890001","https://songle.jp","き08"
"アカツキ書房","アカツキ書房","レイヤー","低レイヤーから組織作りまで、実業務等で培った様々なノウハウを詰め込んだ書籍を販売予定です。","https://techbookfest.org/event/tbf06/circle/60050002","","き09"
"Sinack","Sin","Angular,Ionic","IonicやAngularを使った何かの本を書くつもりでいます。書けなかったらIonicの既刊を持って行きます。","https://techbookfest.org/event/tbf06/circle/44910012","","き10"
"Beer2.0","りょうへい","Google,GoogleAppsScript,LINE,PC,ボット","GoogleAppsScriptでサーバーレスのLINEボットづくり！！必要なモノはPCとGoogleアカウントとLINEアカウントのみ！！LINEグループに自作のLINEボットを入れて、グループを盛り上げよう！！","https://techbookfest.org/event/tbf06/circle/46490002","","き11"
"ω3","オメガスリー","GAS,react,redux,slack,tips","4人での合作です。slackコマンドをGASで作成するチュートリアルとtips たくさん手にとってもらえる技術書の作り方と、得する選び方について イベントイラストのインスピレーションおよび発想の過程について react reduxの最適解","https://techbookfest.org/event/tbf06/circle/60090001","","き12"
"nekoze-at.tokyo","nekoze","GoogleMapsPlatform","GoogleMapsPlatform入門","https://techbookfest.org/event/tbf06/circle/36190004","","き13"
"dayjournal","dayjournal","C,GL,GPIO,I,IoT,JS,Leaflet,Mapbox,Web,①,②,オープンソースマップクライアントライブラリ,ソフトウェアライク,ブレッドボード","北海道から参加します！ WebマップアプリケーションとIoT関係の本を作ってみました！  ① オープンソースマップクライアントライブラリの「Leaflet」と「Mapbox GL JS」を比較解説しながら、 Webマップアプリケーションの構築方法を1冊の本にまとめてみました。  ② IoTに興味を持って検索したら、ブレッドボードとか、I2Cとか、GPIO18とか、訳分かんないんですが。 そんなソフトウェアライク！なエンジニアの為の、やりたい事をやる為の指南書。 ","https://techbookfest.org/event/tbf06/circle/64070001","https://day-journal.com/memo","き14"
"魔法技研","未知","ExcelVBA,Vue,WEB,axios","ExcelVBA+Vue+axiosを使用したWEB自動更新","https://techbookfest.org/event/tbf06/circle/52130005","https://note.mu/miti843/n/nf22e1d6d57db","き15"
"read_your_document.JS","Uncle JavaScript","JavaScript","JavaScript に関する雑誌です。第一号を 2019/1 月に発刊しました。第二号が 3月に発行されます。JavaScript に関するポエムや、技術情報、JavaScript エンジニアの過去のエピソード等々、JavaScript に関する、一般的な技術雑誌が取りこぼしがちな面白コンテンツが満載です。","https://techbookfest.org/event/tbf06/circle/71630001","https://ryd-js.com/","き16"
"電気マカロン","マカロン王子","IoT,Web","IoT,Webサービス開発,ソフトウエア開発,ハードウエア開発についていろいろ活動中。","https://techbookfest.org/event/tbf06/circle/57980001","https://twitter.com/denki_macaron","き17"
"Kunoichi","Kunoichi","E,WordPress,アンチョコ","WordPressテーマ、プラグインを作る際にユニットテストやE2Eテストを実施するためのアンチョコをまとめた本を出します。","https://techbookfest.org/event/tbf06/circle/36280001","https://kunoichiwp.com","き18"
"Route 312","mzsm","Django,Python,Tips,Web,WebRTC","Python製WebフレームワークDjangoのTips集と、WebRTC入門書","https://techbookfest.org/event/tbf06/circle/54780007","http://mzsm.me/","き19"
"きんとーん・らぼ","きんとーん・らぼ","kintone,サイボウズ","サイボウズ（株）のクラウドサービス kintone（キントーン）を題材にした同人誌","https://techbookfest.org/event/tbf06/circle/71660001","http://bit.ly/kintbf06","き20"
"スカゼミ","スカゼミ",")、,Javascript,PHP,Web","Web技術、プログラミング(Javascript, PHP)、などの合同誌","https://techbookfest.org/event/tbf06/circle/36170001","http://skysemi.org/","き21"
"CSSおじさん","DesignChips","CSS","CSSの基礎解説本","https://techbookfest.org/event/tbf06/circle/38070004","なし","き22"
"虚構遊閑地","柏木みらる","CSS,Web,absolute,position","Webコーディングの初心者向け、CSSスキルアップのための小技・小ネタ。★新刊★position:absoluteが怖くなくなる魔法の本出します。","https://techbookfest.org/event/tbf06/circle/65510002","","き23"
"CSS.GRIDMAN","rukiadia","CSS,display,grid","CSSで使用できる「display:grid」を徹底的に解説する本になる予定です。","https://techbookfest.org/event/tbf06/circle/60030001","","き24"
"SpaceAgent","kaiba","Elasticsearch,Nuxt,PWA,Vue,js,serverless","Elasticsearch、serverless、PWA、Nuxt(Vue.js)関連の本を頒布します。","https://techbookfest.org/event/tbf06/circle/54360002","https://tech.spaceagent.co.jp/post/techbookfest6","き25"
"吉川雅彦","吉川雅彦","CSS,index,z,ウェブサービス","ウェブサービス（行程さん）のデザインの本、CSSのリファレンス的な本、CSS（z-indexの解説）の本","https://techbookfest.org/event/tbf06/circle/52270002","","き26"
"犬テトラ+","takanorip","CSS,Components,Houdini,UI,Web,ウェブフォント","Webフロントエンド開発に関する同人誌（CSS Houdini、Web Components、UIデザイン、ウェブフォント）","https://techbookfest.org/event/tbf06/circle/61710001","https://inutetraplus.netlify.com/","き27"
"りまりま団","もふもふ","Vue,js,エラーログ,テクニカルライティング","スタックトレースやエラーログの実例をどのように解決するか？という観点からVue.jsの理解を深めていきましょうという本＋「どのようにプログラミングを覚えたか？」に関するアンケート結果を通じたプログラミングの学び方に関する考察本＋「技術同人誌を作りたいけど文章は苦手…」な人でも技術同人誌が書けるようにするためのテクニカルライティング技術書＋既刊を持って行きます。","https://techbookfest.org/event/tbf06/circle/35980001","http://rimarimadan.hatenablog.com","き28"
"御苑 × Lab","Bong / satof.J","スマートフォンアプリ","フロントエンドとスマートフォンアプリの技術書","https://techbookfest.org/event/tbf06/circle/47920005","","き29"
"PIVO丼","PIVOT技術書典部","CSS,HTML,JavaScript,ブラウザ,ブラウザバグ,プチコーナー","HTML,CSS,JavaScript周りの技術をメインとし、フロントエンド全般について執筆します。また、付録として"ブラウザ春のバグ祭り"というプチコーナー(ブラウザバグ集)も設けました！普段の業務で出会ったバグとの戦いの記録をぜひご覧ください。","https://techbookfest.org/event/tbf06/circle/56510008","https://pivodon.netlify.com/","き30"
"norakan","woshidan","HTTP,IP,TCP,TLS","サーバに証明書を食べさせる? と聞いてきょとんとしたことはありますか?(わたしはあります) TCP/IP、及びそれと同時に利用されるプロトコルの仕様は普段の仕事とは少し遠いイメージがありますが、今回少し時間があったので、TCP, TLS, HTTPについて、実際のサーバの設定項目や証明書の設定作業がなぜ必要なのかじっくりこねこね整理してみました。HTTP/3.0が来る前にHTTP/2.0までをざっくりおさらいしてみませんか。","https://techbookfest.org/event/tbf06/circle/69650002","","き31"
"Tech The Toaster","howdy39","Chrome,Console,Network","Chromeデベロッパーツールを使いこなすための本を書いています。今回は前作、Console編の続編となるNetwork編を書きました。","https://techbookfest.org/event/tbf06/circle/67540001","https://techthetoaster.org/","き32"
"Something","さむ","Components,StencilJS,UI,Web,ペルソナ","StencilJSを使ったWeb Componentsの作成方法など。頒布する本の中で実際にペルソナ5のUIを作って公開しちゃいました。","https://techbookfest.org/event/tbf06/circle/60150002","","き33"
"Parasuicide","たっきー","OSS,オンプレミス","外部サービスを使わずにオンプレミス環境で業務効率化を図るために様々なOSSを導入しようとした記録","https://techbookfest.org/event/tbf06/circle/38380001","https://obel.hatenablog.jp/","き34"
"74th","74th","Golang,Python,PythonShell,VisualStudioCode,bashrc,xonsh,プロンプト","bashrcに疲れたのでPythonShellのxonshでプロンプトをカスタマイズする本。VisualStudioCodeで様々な言語、プラットフォームをデバッグする本（技術書典3のアップデート、商業版）。既刊のGolang性能本、Pythonタスクランナー本","https://techbookfest.org/event/tbf06/circle/52130001","https://twitter.com/74th","き35"
"くり返す日常","KC","VSCode","VSCode 拡張機能開発を行うための薄い本。とりあえず触ってみたい人向けの予定。","https://techbookfest.org/event/tbf06/circle/59900003","https://kcpoipoi.hatenablog.com/entry/2019/02/23/152336","き36"
"光り手ソフト","光り手","PHP,PlantUML,Web","Webサービス開発やPHPに興味があります．PlantUMLでクラス図とシーケンス図を描く本を頒布します．","https://techbookfest.org/event/tbf06/circle/65820010","","き37"
"くろもワークス","くろもか","PHP×GraphQL","PHP×GraphQL本を出そうと思っています。","https://techbookfest.org/event/tbf06/circle/61940002","https://kuromoka16.hatenablog.jp/","き38"
"Adaptorium","mizore","Laravel,Salesforce","Laravel, Salesforce","https://techbookfest.org/event/tbf06/circle/67530002","","き39"
"paren-holic","t-sin","Clojure,Common,Lisp,Lisper,Racket","括弧を愛するLisperが贈る、Lisp紹介本。今回はCommon Lisp、Clojure、Racketの3つのLispを実例と共に紹介します！","https://techbookfest.org/event/tbf06/circle/44710001","","き40"
"エモist出版","かろてん","SSH,UI,エモ,ラノベ,ーー","「君のクソUIが、ヒトを救うんだ」ーーSSHなのに、エモい。というラノベを頒布します（UIの本ではありません）","https://techbookfest.org/event/tbf06/circle/42010001","https://booth.pm/ja/items/1044161","く01"
"Fabulous Tech","びくんびくん","Redmine","Redmine（を含むプロジェクト管理ツール）を導入するときに陥りやすい罠と周りの環境についての本を書きます。","https://techbookfest.org/event/tbf06/circle/42050001","","く02"
"遊戯部すずき組","MooMoo-ya","","要件定義をテーマにしたブラックジャック風のカードゲームになります。","https://techbookfest.org/event/tbf06/circle/44780002","https://suzukigu.me/","く03"
"エンジニア登山部","やぶーん","DDD,アドテク","DDD,アドテク,設計,システムテンプレート","https://techbookfest.org/event/tbf06/circle/65490006","260","く04"
"Stray Calico","mikesorae","DDD","DDD本、セキュリティ本の予定です。","https://techbookfest.org/event/tbf06/circle/36030002","","く05"
"Grand Pa-Ma","at_grandpa","Crystal,グランパ,マゴ","技術書典4,5で頒布した「におうコードの問題集」のシリーズ第三弾として「におうコードの問題集〜ソフトウェア設計に立ち向かう編〜」を頒布します。グランパとマゴと共に、楽しくソフトウェア設計について学ぶことができます。問題集形式なので、なぜ問題なのか、どう修正するのか、その結果どうなるのか、を体系的に学ぶことができます。グランパとマゴと一緒に学びましょう！現地限定のお得なセット価格もあるので、下記の頒布情報をご確認ください。また、委託でCrystal言語の入門本も頒布します。詳細は下記の「頒布物」を御覧ください。","https://techbookfest.org/event/tbf06/circle/40050004","https://grand-pa-ma.booth.pm/","く06"
"JSTQB Advanced Level試験勉強会","JSTQB Advanced Level試験勉強会 運営チーム","Advanced,ISTQB,JSTQB,Level","毎年2月8月に行われているJSTQB Advanced Levelの非公式問題集を頒布します。 ソフトウェアテストの国際資格であるISTQBに基づく資格試験であるJSTQBの上級レベルは、公式解説本も公認トレーニングも存在しておりません。 JSTQB Advanced Level試験勉強会は、自分たちで予想問題集を作り解き合うスタイルで進めてきた試験対策の成果を、問題集として頒布します。","https://techbookfest.org/event/tbf06/circle/44920006","https://learnerjstqb.github.io/","く07"
"紙印","おたべ","","ソフトウェアのテスト設計解説本です。品質保証の立場からソフトウェアの価値（品質）をどのように向上させるかを解説します。","https://techbookfest.org/event/tbf06/circle/48130002","http://blogs.yahoo.co.jp/rem1988stores","く08"
"Crab Ink","わとう","チーミング,ファシリテート","テスト, テスト計画, 自動化, レビュー, ファシリテート, チーミング, アウトプット,","https://techbookfest.org/event/tbf06/circle/60140001","","く09"
"しがないラジオ","gami/zuckey","JavaScript,Web","「Web開発者1年目の教科書」、「非エンジニアのためのJavaScript」","https://techbookfest.org/event/tbf06/circle/65550001","https://shiganai.org/","く10"
"半田技術研究所","タンサクテスト","","ソフトウェアテスト技法のひとつである探索的テストについて","https://techbookfest.org/event/tbf06/circle/65520002","https://twitter.com/handagiken1","く11"
"妄想実行部隊","CreativeCoefficient","D,Live","「妄想を現実にする」同人サークル。妄想好きオタク達による「妄想を形にする」合同誌を出します。「声優と機械学習」や「キーボード組み立て記」「Live2D入門」など様々なオタク活動を詰め込んだ一冊です。","https://techbookfest.org/event/tbf06/circle/50310001","","く12"
"趣味の製麺","玉置標本","GUIDE,USER,～","家庭用製麺機のグラビアや歴史資料、使い方やレシピなど、アマチュア向けの製麺と製麺機の総合情報誌である『趣味の製麺１～８号』、および別冊となる使い方をまとめた技術書『家庭用製麺機 USER GUIDE』、簡単レシピの『作ろう！10分ラーメン』です。","https://techbookfest.org/event/tbf06/circle/50330001","http://www.seimen.club","く13"
"安川製作所","安川","","電柱写真集・技術解説本、鉄塔写真集・技術解説本","https://techbookfest.org/event/tbf06/circle/56140002","http://yask.jp/","く14"
"TGABOOK","とが","Scratch","子供向けコーディングクラブの運営ハウツーおよび体験談。Scratch3.0（プログラミング言語・開発環境）の活用事例","https://techbookfest.org/event/tbf06/circle/47980003","http://www.togazo.com/","く15"
"Techpit Market","Techpit","","プログラミング教育サービスを運営して分かった教え方や学習のノウハウ本","https://techbookfest.org/event/tbf06/circle/48350005","https://market.techpit.jp/","く16"
"サポーターズCoLab","CoLabで技術書を書いてみた","","執筆経験のないメンバーを集めて技術書を書いてみた、いわゆる「やってみた本」です。","https://techbookfest.org/event/tbf06/circle/36070001","","く17"
"#kosen16s","#kosen16s","","2016年度入学の高専生が様々な技術を1冊の本にまとめました。","https://techbookfest.org/event/tbf06/circle/56250001","https://kosen16s.github.io/","く18"
"テスターちゃん","まつ","","新人さんからわかるソフトウェアテスト解説4コママンガ「テスターちゃん」を頒布します。品質ってなんだろう、どうすれば守れるのだろう、という方もぜひ。","https://techbookfest.org/event/tbf06/circle/67550002","http://testerchan.hatenadiary.com/","く19"
"あきばよめ","翔、ひばり","C,FPGA,MPSoC,SDSoC,Ultra,UltraScale,Xilinx,Zynq","C言語でFPGA回路設計ができるXilinx SDSoCに関するソフト設計者視点での入門書を予定しています。ターゲットボードはZynq UltraScale+ MPSoCを搭載したUltra96です。","https://techbookfest.org/event/tbf06/circle/44850002","http://akibayome.seesaa.net/","く20"
"Personal Factory","佐藤剛士","Fluid,Interfaces,UI,iOS,ハーフモーダル","iOSで最新のUIの考え方であるFluid Interfacesをハーフモーダルを通して解説する技術書を予定しています","https://techbookfest.org/event/tbf06/circle/48210003","https://blog.personal-factory.com/","け01"
"Nikkei Engineer Team","Nikkei Engineer Team","","日経電子版の開発を通じて得られた技術的な知見やノウハウについてまとめた本を頒布します。","https://techbookfest.org/event/tbf06/circle/40320001","https://note.mu/nikkei_staff/m/m3f19ed06244b","け02"
"428エンジニア","satoshi0212","AR,MR,VR","AR/VR/MR 開発関連","https://techbookfest.org/event/tbf06/circle/48060002","","け03"
"エウレ・テクノロギア","エウレ・テクノロギア","Pairs","Pairsを支える技術と題してサービスを支える様々な技術について記載します","https://techbookfest.org/event/tbf06/circle/38460005","","け04"
"noppelab","のっぺ","AR,MusicKit,iOS","MusicKit入門書は前回頒布したものを持ち込み、ARかライブ配信のiOS周りの話を新規で書くかもしれません。","https://techbookfest.org/event/tbf06/circle/63710006","https://github.com/noppefoxwolf","け05"
"AbemaTV iOSチーム","AbemaTV iOSチーム","AbemaTV,Swift,iOS","iOS, Swift, AbemaTV","https://techbookfest.org/event/tbf06/circle/38450002","","け06"
"iOSアプリ開発がんばるぞ！！の会","k0uhashi","CD,CI,UI,iOS,アプリ","iOSアプリ開発者のためのiOSアプリ開発周辺知識（UI構築、フレームワーク、自動テスト、CI/CD等）を記した本","https://techbookfest.org/event/tbf06/circle/36270007","https://twitter.com/k0uhashi","け07"
"watanabe_ph","ワタナベピー","Swift,レイヤー","   コンピュータの数学的基礎、低レイヤーの挑戦、Swiftの秘密の生活","https://techbookfest.org/event/tbf06/circle/56420001","これから用意します。","け08"
"Falcon Tech","瀬尾敦生","Embed,Framework,iOS","iOSアプリケーション開発におけるEmbed Frameworkの作り方と運用の一歩目を紹介させていただきます。","https://techbookfest.org/event/tbf06/circle/47950003","","け09"
"RM-RF*","まさご","ょんで,アプリ,スマートフォンアプリ","スマートフォンアプリを開発してみたいけど、何から用意していいかわからない。勉強しようにもハウツー本おおすぎてわからない。そんな時に、会社に入社してからどのような流れでアプリを開発、リリースしていくかを社畜お兄さんお姉さんと一緒に学んでいくマンガを頒布します。また、二次創作で艦隊これくしょんで使われている艤装のシステムをゆるく考えて設計書に落とし込み開発するまでの工程を漫画化したものを頒布します。","https://techbookfest.org/event/tbf06/circle/65840011","http://mina.hacca.jp/sary","け10"
"かりあどぷらねっと","かりあど","iOS,アプリ","iOSアプリ開発におけるソフトウェアテスト入門書","https://techbookfest.org/event/tbf06/circle/54660004","https://kariaduu.hatenablog.com/","け11"
"Near Automata","alligator_tama","モバイルアプリ","モバイルアプリのテスト自動化などを主に扱います。","https://techbookfest.org/event/tbf06/circle/58360003","https://near-automata.firebaseapp.com","け12"
"堤and北","堤 修一／北 祐介","ARKit,Metal,Swift,iOS×Depth,macOS","Swiftコンパイラの解説書×2（北）、iOS×Depthの解説書＋macOSの解説書＋ARKitの解説書＋Metalの解説書（堤）","https://techbookfest.org/event/tbf06/circle/40080001","http://shu223.hatenablog.com/","け13"
"Monaca UG","アツシ","Android,CSS,HTML,JavaScript,Monaca,UG,iOS,スマートフォンアプリ","MonacaはHTML/JavaScript/CSSでAndroid/iOS両方に対応するスマートフォンアプリを開発できるサービスです。Monaca UGはそんなMonacaを使うユーザを中心としたコミュニティになります。","https://techbookfest.org/event/tbf06/circle/56230003","https://monacaug.mobi","け14"
"Blessphere","131e55","Swift,Vapor,Web","Swift 製サーバサイド Web フレームワーク「Vapor」 入門","https://techbookfest.org/event/tbf06/circle/71570002","","け15"
"EZ-NET","熊谷 友宏","Swift,イニシャライザー","今回は Swift 入門書として『Swift らしい表現を目指そう』と『Swift イニシャライザー大全』を頒布します。イニシャライザー大全は、前回の技術書典で『イニシャライザー復習会 構造体編』を頒布しましたけれど、それにクラス型など全般的な型のイニシャライザーについても追記した完全版です。旧版をお持ちの人がいらしたら交換しますので遠慮なくお声がけくださいね。","https://techbookfest.org/event/tbf06/circle/34110001","https://ez-net.jp","け16"
"大志","bati668","AWS,App,Store,Swift,Twitter,deploy,iOS, ,アプデ,アプリ,メルカリ","頒布物1  「iOSデザインパターン入門 改」 技術書典4で300部完売の、iOSデザインパターン入門を、 Twitterなどでいただいた質問や要望を反映させて、もっとわかりやすく、参考コードなども追加し、Swift5.0用にアプデしたものを販売します。  頒布物2  「iOSアプリ100本ノック」 iOSエンジニア歴4年で、アプリを約100個超リリース、そのうち100万ダウンロード超え1つ、買収1つの経験を持つ筆者が、 アプリ100個のサンプルコードを公開。 なるべく実践的で、規模が大きいアプリの作り方が体系的に学べます。 フロントのコードだけでなく、バックエンドのコードもSwiftでサンプル付き。 Twitterや、メルカリ規模のアプリを1から作って自分でAWSでdeploy,App Storeで公開までできるようになります。 できるエンジニアになりたかったら、100本ノックのごとく100個アプリを作ろう！","https://techbookfest.org/event/tbf06/circle/46420003","https://mobile.twitter.com/nanamoto7483","け17"
"SwiftKotlin愛好会","jollyjoester","Kotlin,Swift","Swift/Kotlinをより楽しむためのトピックを集めた書籍","https://techbookfest.org/event/tbf06/circle/71750003","https://love-swift.connpass.com/","け18"
"うさぎてっく","usayuki, _nabech, keijumt","Kotlin,Native","Kotlin/Nativeの入門書","https://techbookfest.org/event/tbf06/circle/54610001","","け19"
"Oisix Tech Lab","Oisix Tech Lab","EC,Oisix,アプリ","Oisixという食品販売ECサイト（アプリ）上で使われている技術・分析手法・導入事例など多角的な視点での内容を盛り込む予定です。","https://techbookfest.org/event/tbf06/circle/50670009","","け20"
"パステルレインボー","水村敏志","API,Kotlin,O,R,SpringBoot,jOOQ,マッパー","SpringBoot2 とサーバサイド Kotlin で O/R マッパーに jOOQ を使用して API を作成するための入門書的な本","https://techbookfest.org/event/tbf06/circle/63940002","https://twitter.com/ikatechx","け21"
"おなかぷよ","masahide318","Android,Bitrise,CI","Android,設計,CI,Bitrise","https://techbookfest.org/event/tbf06/circle/52180004","","け22"
"Qrio株式会社","Qrio","Bluetooth,Lock,Qrio,Web","Qrioの開発ってどんな感じなの？と言う話題だけでなく、業界のあの事件やWeb Bluetoothなどの話題についても掲載しています。Qrio Lockの特製ペーパークラフトも付属するよ！","https://techbookfest.org/event/tbf06/circle/69630002","https://qrio.me/","け23"
"team Y.G.E.","yamacraft","Android,D,MLKit,Things,orLive,バーチャルアバター","Android Thingsを使ったバーチャルアバターを実現するシステム構築の開発ログ本。MLKit、3DモデルorLive2Dの技術関連を記載予定。おそらく電子版のみの頒布になります。","https://techbookfest.org/event/tbf06/circle/67930002","https://yamacraft2.exblog.jp/","け24"
"てんてんてんごく京浜東北線","てんてんてんごく京浜東北線","Go","Goと静的解析","https://techbookfest.org/event/tbf06/circle/61760001","","け25"
"Women Who Go Tokyo","wwgt","Cloud,Go,Google,Platform","プログラミング言語 Go や Google Cloud Platform や コミュニティ運営 について。","https://techbookfest.org/event/tbf06/circle/58030001","https://womenwhogotokyo.github.io/","け26"
"golang.tokyo","golang.tokyo","Go,golang,tokyo","golang.tokyoの関係者で書くGoに関する技術書","https://techbookfest.org/event/tbf06/circle/63860004","https://golangtokyo.github.io/","け27"
"わた房","toto","Docker,gRPC,go","go, Docker, gRPCとかいろんな技術をつまみ食いします。進捗次第では+αもあるかも ","https://techbookfest.org/event/tbf06/circle/64130001","","け28"
"Virtual Ones","ひだるま","","コンテンツ製作の補助技術","https://techbookfest.org/event/tbf06/circle/42260009","","け29"
"MERY Engineer Team"," MERY Enginner Team","MERY,gRPC","MERYのエンジニアが実際の業務で得た知見から、開発中の新システムのアーキテクチャまで、惜しみなく公開します！gRPCの入門本も頒布します！","https://techbookfest.org/event/tbf06/circle/46210003","https://mery.co.jp/","け30"
"lostprivatekey","Morinikiz","Blockchain,Go,Rust","GoやRustを使ったBlockchainの実装について書く予定です。","https://techbookfest.org/event/tbf06/circle/40080002","","け31"
"井山梃子歴史館","井山梃子歴史館","Actcast,Algebraic,Effects,GC,Idein,Rust,Unity,VRM,VTuber,WebGL,unsafe,フィーチャー","RustでAlgebraic EffectsをエミュレートしたりGCをしたりなど，言語処理系のローレベルなコンポーネントを作る本をメインで出します．Rustのマクロやunsafeについて紹介します．また，Idein社のActcastのやってみた記事も書きます．余裕があればUnityでVTuberをフィーチャーしたオンラインゲームを（これから）作る本を書きます．VRMフォーマットの話やWebGL，サーバのアーキテクチャなどの話をします．","https://techbookfest.org/event/tbf06/circle/54610003","https://twitter.com/__pandaman64__","け32"
"まいにちがきんようび。","しゅーくりーむ","Rust","Rust を使ったプログラミング例についてまとめた本になります。付録として、前回暗号通貨の記事を執筆したエンジニアが暗号通貨の闇と未来を想う記事も掲載予定です！","https://techbookfest.org/event/tbf06/circle/44730002","http://syucream.hatenablog.jp/","け33"
"USP研究所","USP研究所","IT","IT関連雑誌・書籍・電子工作キット","https://techbookfest.org/event/tbf06/circle/56210002","https://www.usp-lab.com/pub.html","け34"
"アスキードワンゴ","鈴木嘉平","","プログラミング、コンピュータサイエンス","https://techbookfest.org/event/tbf06/circle/38170001","http://asciidwango.jp/","け35"
"株式会社インプレス","tokuda-impress","IT","	 機械学習やクラウド技術など“IT技術の先端”をテーマにした技術解説書","https://techbookfest.org/event/tbf06/circle/67860003","https://book.impress.co.jp/","け36"
"C&R研究所","C&R研究所","","技術書全般","https://techbookfest.org/event/tbf06/circle/46270002","http://www.c-r.com/","け37"
"株式会社オライリー・ジャパン","オライリー・ジャパン","オライリー・ジャパン","オライリー・ジャパン刊行書籍およびオリジナルグッズの頒布","https://techbookfest.org/event/tbf06/circle/34000003","https://www.oreilly.co.jp/books/","け38"
"ラムダノート株式会社","ラムダノート株式会社","","ネットワーク、プログラミング、数学などの解説書。","https://techbookfest.org/event/tbf06/circle/65510001","https://www.lambdanote.com/","け39"
"株式会社サイバーエージェント","株式会社サイバーエージェント","Tips,Unity","Unityの開発に役立つTips集","https://techbookfest.org/event/tbf06/circle/50600002","https://creator.game.cyberagent.co.jp/","け40"
"染井吉野ゲームズ","土屋つかさ","HLSL,ShaderLab,Unity,シェーダー","Unityのシェーダー(ShaderLab/HLSL)プログラミングについての解説書。中上級者向け","https://techbookfest.org/event/tbf06/circle/61680001","https://t-tutiya.hatenablog.com/","け41"
"Outlaw Tech","えむにわ","D,FANBOOK,Unity,VRM,アバター,アプリ,シェーダ","『VRM FANBOOK 2』主にUnityで使われている 3Dアバター用ファイルフォーマット VRMの解説本第2弾。シェーダとかアプリ制作について前回よりも深く掘り下げます。","https://techbookfest.org/event/tbf06/circle/59970001","http://m2wasabi.hatenablog.com/","け42"
"Indie Visual Lab","Indie Visual Lab","Unity,グラフィックスプログラミングテクニック","Unityを利用したグラフィックスプログラミングテクニックについて解説したシリーズ本を頒布します。技術書典6では建築やプロダクトデザインの分野でアルゴリズミックデザインを手掛ける堀川淳一郎氏の本の委託販売も行います。","https://techbookfest.org/event/tbf06/circle/65690001","https://indievisuallab.github.io/","け43"
"Genera","梶田悠","Unity,シェーダー,レイマーチング","Unityシェーダーで作ったレイマーチング作品の解説本を頒布する予定です。余裕があればもう一冊Unityシェーダーの入門本も頒布できればと考えています。","https://techbookfest.org/event/tbf06/circle/52130002","https://twitter.com/kajitaj63b3","け44"
"るてんのお部屋","るてんしと","Electron,GUI,HTML,JavaScript,アプリ,レトロゲームファクトリー","新刊は『ElectronとHTML5で作るGUIアプリ入門』『ワールドマップ自動生成読本』。新潮社刊の商業小説『レトロゲームファクトリー』も持って行く予定。同人ゲームや、ゲームのアルゴリズム本、変わった技術書など多数。人気既刊の『JavaScriptで 実行時エラーを起こす 100+の技法』『JavaScript:特殊コードゴルフ マニアクス』など10種類以上を頒布予定です。大人の社会見学本もあります。","https://techbookfest.org/event/tbf06/circle/54360003","https://crocro.com/circle/","け45"
"Dragon University","rizaudo","CPU,GAN,TeX","機械学習(GAN)の研究動向解説や独自CPUの実装談義・TeX組版など、各分野の科学技術や関係する技術の解説記事を纏めた総合技術誌の頒布。","https://techbookfest.org/event/tbf06/circle/63820002","","け46"
"Computer Society","KCS","Unity","サークルメンバーがそれぞれ書いた記事をまとめたモノを予定しています。例年、Unity、機械学習関係、特定のプログラミング言語、数学などとなっています。","https://techbookfest.org/event/tbf06/circle/67810003","https://kcs1959.jp/","け47"
"ながら工房","ながら工","GooglePlay,グローバルゲームジャム","グローバルゲームジャム2019にて48時間で多言語対応・ランキング・GooglePlayストアへの登録まで含めてゲームを作った話","https://techbookfest.org/event/tbf06/circle/38400002","","け48"
"Rendering学習日記","ドッグマン","Blender,Blender×Python,blender,p","blenderについて初めての方向け「中2から始めるBlender総集編 」。プログラミングをやってみたい人向け「12歳からのBlender×Python」blender2.8対応、34pの薄い本。図形を並べるスクリプト集です。","https://techbookfest.org/event/tbf06/circle/54360005","","け49"
"tenteroring project","sierra","DCG","当サークルはプログラミング、3DCG、電子工作等を扱っています。","https://techbookfest.org/event/tbf06/circle/33960003","https://tenteroring.luna.ddns.vc/","け50"
"黒髭出版","t2low","Cocos,Creator","子供にプログラミングを体験させるための何かを書いた本(新刊)と、子供向けのCocos Creatorを使ったゲーム開発入門書(既刊)を頒布予定です","https://techbookfest.org/event/tbf06/circle/57960003","http://kurohige.sblo.jp/","け51"
"エモCG","sho7noka","DCG,Javascript,Python,Swift","3DCGプログラミングのエコシステムについて Swift Javascript Python の3つの面から技術書にまとめている個人サークルです。","https://techbookfest.org/event/tbf06/circle/50360001","","け52"
"KLab 株式会社","KLab 有志","D,KLab,Unity","KLab 社員有志が Unity 3D やゲーム・サーバー・インフラ・その他仕事に関係ない技術までをいろいろ書きます。","https://techbookfest.org/event/tbf06/circle/54660003","http://klabgames.tech.blog.jp.klab.com/","け53"
"株式会社キッズスター 技術書典部","株式会社キッズスター","Unity,キッズスター","株式会社キッズスターのメンバーが、Unity プロダクト開発で培ったノウハウ、開発裏話、オススメのツール、テスト自動化、勉強会開催ノウハウ、などなど様々な分野についてごった煮でお届けします。","https://techbookfest.org/event/tbf06/circle/65820002","","け54"
"VoxBox","やまたくさん","Unity","初心者デザイナー向けのUnityに関する技術書","https://techbookfest.org/event/tbf06/circle/48040002","","け55"
"揚げピーナッツ","nishiuchi","IT","プログラム言語やIT技術をテーマとしたカードゲームです.","https://techbookfest.org/event/tbf06/circle/65490007","http://agepeanuts.strikingly.com/","け56"
"トイグル","ライ","defold","defoldを使ったゲーム制作","https://techbookfest.org/event/tbf06/circle/54740008","","け57"
"tnayuki","tnayuki","BoehmGC,オープンソースプロジェクト,ガベージコレクター","様々なオープンソースプロジェクトで使用されている保守的ガベージコレクター、BoehmGCの詳解","https://techbookfest.org/event/tbf06/circle/40090003","","け58"
"すらりんラボ","すらりん","API,ASMR,D,DX,DirectX,Vulkan,ライク","ゲーム機ライクな低レベルグラフィックスAPI(Vulkan/DX12) を使ってのグラフィックスプログラミング書籍と、 3D オーディオ(特に ASMR)の収録から加工までの導入解説本を予定しています。前回のDirectX9本と2Dアニメシステム制作演習本も多少持って行きます。","https://techbookfest.org/event/tbf06/circle/54340001","https://blog.techlab-xe.net/techbookfest/techbookfest6-info","け59"
"味噌煮研究所","へんてこ","Unity,プレイ","Unityなどのゲームに関する同人誌やソフトウェア技術に関する同人誌、実際にプレイできるゲーム(体験版)を頒布します","https://techbookfest.org/event/tbf06/circle/48000001","https://miso-lab.henteko07.com/","け60"
"poyopoyo reconfigurable"," 鷺ノ宮わっふる","CPU","自作CPU本、自動運転本","https://techbookfest.org/event/tbf06/circle/44640001","http://ourfool.hatenablog.com/","け61"
"RainbowDays","猫井夕菜（ゆうな）","vtuber,youtuber,ボイスチェンジャー","2018年頃から一気に認知度が向上したバーチャルyoutuber(vtuber) 企業で活動を行っている方の他にも個人勢と呼ばれvtuberも存在します。特にボイスチェンジャーを使って美少女に変身してこれらの活動を行っている方々もおり私もその一人です。その一連の裏方技術について網羅的に入門編として紹介します。","https://techbookfest.org/event/tbf06/circle/46420001","","け62"
"コンテンツマーケティング協会","雨月","AI,AR,VR,VTuber,スマホアプリ","VR/AR/VTuber/ハードウェア/AI/スマホアプリ/量子コンピュータ/量子力学","https://techbookfest.org/event/tbf06/circle/63950003","https://twitter.com/udk91","け63"
"ぷれぜんすっ！","mercari R4D XR 有志","AR,MR,VR,XR","六本木の某社研究開発でXR(VR/AR/MR)を専門とするチームによるXR本","https://techbookfest.org/event/tbf06/circle/44940005","","け64"
"だぶ工房","鳩さん@だぶ","ARHMD,QR","個人的に製作しているARHMDの製作方法や原理, 実際に多くの人に体験して頂いた事で得られた知見, これからの広がり等をまとめた電子本をQRで頒布.","https://techbookfest.org/event/tbf06/circle/44600002","","け65"
"毬栗ロマン","いっこう","AR,VR,Web,WebXR,フィーチャー,ブラウザ","WebXR(Webブラウザで実現するVR並びにAR)の解説本、時勢を反映してVRよりもARをフィーチャーした内容を想定しています。","https://techbookfest.org/event/tbf06/circle/65630001","","け66"
"コピペテック","コピペテック","API,Azure,Blender,Face,Go,Oculus,Unity,VR,bit,micro","VR本とmicro:bit本の新刊2冊。初心者でも動くものが作れるチュートリアルです。3時間でできるはじめてのOculus Goプログラミング「VRブロック崩し」 / Oculus Goで動くVR脱出ゲームをUnityで作ろう / micro:bitではじめる電子工作「もぐらたたきゲーム」を作ってみよう / Blenderで作るmicro:bitペーパークラフト / micro:bitとAzure Face APIで作る「入室管理システム」","https://techbookfest.org/event/tbf06/circle/54420002","https://note.mu/copipetech","け67"
"GarbageCollection","出水洸太郎","ARG,Glass,Looking,VR","新刊はLooking GlassかARG系謎解きのどちらかの予定です 既刊にVRの本や数学の本があります","https://techbookfest.org/event/tbf06/circle/48340002","http://nijiken.sakura.ne.jp/","け68"
"ゆるUnity電子工作部","kosaku360","Unity,VR","この本は、Unity等でVRコンテンツを製作しているソフトエンジニアの方を対象に、既成品のマッサージ機などの家電製品を改造することによりお手軽に体感デバイスを製作して、自作のVRコンテンツと連携させる方法を解説してます。","https://techbookfest.org/event/tbf06/circle/36280014","https://twitter.com/kosaku360","け69"
"Sean-nos","神秦ゆうま","Unity,VR","Unity初心者によるVR制作＆公開の体験談漫画","https://techbookfest.org/event/tbf06/circle/65570001","","け70"
"4i","yoichineji","hololens","エンジニアことわざ絵本、hololens漫画","https://techbookfest.org/event/tbf06/circle/44420004","","け71"
"れいぞうこのドア","youten","ARKit,Cardboard,D,Daydream,Face,Framework,Tracking,VR,VRM,Vision,iOS","iOSのARKit Face TrackingやVision Frameworkで顔などをトラッキングした結果をVRMな3Dキャラクターモデルに適用して、（前回作りかけで挫折したので今度こそ）VRに持っていく話を書こうと思います。VRは（おそらく）Daydream/Cardboardです。","https://techbookfest.org/event/tbf06/circle/34340006","http://greety.sakura.ne.jp/redo/","け72"
"アナトリーラボ","アナトリーラボ","HoloLens,IT,Scratch,WKWebView,edge,electron,iOS,js","HoloLens,electron+edge.js,Scratch,iOS WKWebView,IT知識クイズ","https://techbookfest.org/event/tbf06/circle/60330003","https://twitter.com/anatoli_lab","け73"
"きりみんちゃんねる","きりみん","com,entry,hatenablog,https,kirimin,フリーランス","「フリーランスを完全に理解できる本」は7 年ほどフリーランスのエンジニアをやっている著者が、フリーランスにつ いて身をもって知った情報や知見などを共有するものです。フリーランス(個人事業主) の基礎知識から、様々な知見などを惜しみなく解説したいと思います。また同時にバーチャル幼女プログラマーとして活躍するきりみんちゃんの公式ファンブックも配布します。取り置き予約やってます。https://kirimin.hatenablog.com/entry/2019/03/31/002126","https://techbookfest.org/event/tbf06/circle/67560001","https://kirimin.hatenablog.com/entry/2019/03/17/154252","け74"
"1060WORK","花房なゆた","Excel,R,①,②,③,スクラッチデータ,～","①バックオフィス問題解決大全～神Excelで働き方改革～ ②Rおじさん合同誌 因果推論編 ③完全謝罪マニュアル ロジック編 【委託】Rでのスクラッチデータ分析入門 【既刊】旧作セット2018（神Excel/Rおじさん/完全謝罪マニュアル）","https://techbookfest.org/event/tbf06/circle/59810003","https://www.1060.work/","け75"
"越後屋","なかざん","IT","「これでカンタン！ ITエンジニアが実践するキャッシュレス時代の資産管理（仮題）」を頒布します。これまで敬遠してきた家計簿の作成や資産の把握をお手軽に行うために、ITエンジニアがユーザーとして最新のフィンテックを運用してきたノウハウを大公開！　もうレシートを打ち込んだり撮影したりする必要は（思い切りのいい人なら）ありません！","https://techbookfest.org/event/tbf06/circle/50620005","","け76"
"自転車操業","かざみみかぜ。","FeliCa,NFC,Suica,handcache,アプリ,ウェブサービス,ビットコインキャッシュ","Suicaなど交通系非接触電子マネー決済端末(FeliCa)の同人イベント導入記録。同人イベント向け対面頒布用の電子書籍ウェブサービス『対面電書』解説。アプリhandcacheを使ったビットコインキャッシュでのNFC決済導入方法。自転車創業タイトル解説 ゲーム制作記録 などをやってます。","https://techbookfest.org/event/tbf06/circle/59810002","https://anos.jp/circle/circle.htm","け77"
"とこしえ工房","太郎","FX,J,PhotoShop,UnihertzAtom,Win,スマホ","電子マネー（スイカ、クレジットカード）決済機を法人ではなく、個人で契約し同人誌即売会で運用するまでの体験記。極小スマホ（UnihertzAtom）の使用レビュー。FX投資で1000万円損出を出した体験記。Win10でPhotoShop5.0Jを動かす。官公庁、工場などの見学レポート。","https://techbookfest.org/event/tbf06/circle/46260002","https://twitter.com/tarou_barn","け78"
"clfreaks","clfreaks","Common,Lisp","Common Lispの言語について解説している本はけっこうあるが、最近の開発フローやツールについて解説した本はあまりないのでそこをカバーする本を作りたい。具体的なプロジェクト例を含む。","https://techbookfest.org/event/tbf06/circle/38170002","http://clfreaks.org/","こ01"
"きゃべ","きゃべ (@cab_kyabe)","JavaScript,Web,js,ml,p","JavaScriptライブラリの「ml5.js」「p5.js」を使ってWeb上に機械学習コンテンツを実装してみようという入門書を出展します。頒布物の詳細はページ下部をご覧ください。","https://techbookfest.org/event/tbf06/circle/54750005","https://kyabe.net/","こ02"
"発展途上技術者","石原淳也","Scratch","Scratch 3の改造方法や拡張機能の作り方など、Scratchをある程度やったことのある中級者向けの解説書","https://techbookfest.org/event/tbf06/circle/69730003","http://otona-scratch.herokuapp.com/","こ03"
"このすみ堂","このすみ","Kuin,PHP,アプリ","Kuinの本を出します。Kuinはくいなちゃんという6歳の女の子が開発しているゲーム & 実用アプリの開発言語で、公式サンプルを深掘りしながら理解を深めていきます。技術書典5の「PHP中級者を目指す」からパワーアップした「レベルアップPHP」もよろしくお願いします。","https://techbookfest.org/event/tbf06/circle/50330004","https://www.konosumi.net/","こ04"
"てきとうなサークル","てきめん","Kuin","Kuinでゲームを作ったときに得られた知見を本にまとめたものと、ゲームそのものを頒布したいです。","https://techbookfest.org/event/tbf06/circle/50510004","http://tekitoh-memdhoi.info/content/2018-gizhutushoten6","こ05"
"プログラミング言語Egison","プログラミング言語Egison開発チーム","Egison","パターンマッチ指向プログラミング言語Egisonの作者，江木を含むEgison開発メンバーが執筆したEgisonを紹介する書籍を販売します．","https://techbookfest.org/event/tbf06/circle/54760008","https://www.egison.org/ja/","こ06"
"SatisFactory","SatisKia","CLIP,ブラウザ","ブラウザで動くインタープリタ用のオリジナル言語である「CLIP」の解説書第2版と、CLIPによる多倍長演算の解説書を出します！","https://techbookfest.org/event/tbf06/circle/38160001","http://www5d.biglobe.ne.jp/~satis/","こ07"
"進捗大陸","進捗太郎","","実用的なソフトウェア/分散システム/言語処理系に関するあれこれ","https://techbookfest.org/event/tbf06/circle/54370002","https://shinchoku-tairiku.github.io/web/","こ08"
"C++全く分からん","でぃすぴゃあああ","C,Docker,Git,Re,URL,Vagrant,View,Web,compose,コマンドチートシート,チートシール","(1)C++の高速化、最適化の手順とか手法とかをネタにして何か (2)初〜中級Web開発者向け電子雑誌URL付きクリアファイル (3)Git, Docker(-compose), Re:View, Vagrantのコマンドチートシートをシールにしたチートシール","https://techbookfest.org/event/tbf06/circle/40250002","","こ09"
"月時計観測所","ソラフクロウ","C,GHC,Haskell,er","C++erなどの中上級者向けのHaskell入門書。GHCを前提とした詳細にも踏み込みながら、この個性的な言語のデザインを知ってもらう本です。布教用。","https://techbookfest.org/event/tbf06/circle/44940002","","こ10"
"galaxy-sixth-sensey","aiya000","Haskell","Haskellを用いて、圏論にゆるふわ入門する小説！（圏の基本）","https://techbookfest.org/event/tbf06/circle/63720004","https://aiya000.github.io","こ11"
"lambda-sun","osh","","ラムダ計算や関数型プログラミングについて書きます。","https://techbookfest.org/event/tbf06/circle/50590005","","こ12"
"趣味はデバッグ……","岡本和樹","","自作静的型付け言語を作ってそれに対して型推論する方法を解説するよ！","https://techbookfest.org/event/tbf06/circle/46330001","http://doujin.kakkun61.com/","こ13"
"Mathematica研究会狛江支部","Mathematica研究会","Mathematica","Mathematicaは優れたソルバーであるだけではなく、強力なプログラム言語であることを紹介します。そしてMathematicaに、実はオブジェクト指向機能が備わっていること、そのプログラミング手法を解説します。","https://techbookfest.org/event/tbf06/circle/41980002","https://s3-ap-northeast-1.amazonaws.com/kobayashikorio/math_slides/coverPages.pdf","こ14"
"EREX工房","夜道","Julia","科学技術計算むけプログラミング言語Julia の入門書・解説書を頒布しています","https://techbookfest.org/event/tbf06/circle/34300002","","こ15"
"418 I'm a teapot","yukiusa","Genie,Julia,Web,アプリ,アプリケーションフレームワーク","Julia製WebアプリケーションフレームワークGenieを使って、入門者向けの簡単な本棚アプリの開発について解説します。","https://techbookfest.org/event/tbf06/circle/48340003","","こ16"
"atinfinity.info","dandelion1124","OpenCV,コンピュータービジョンライブラリ","オープンソースのコンピュータービジョンライブラリ「OpenCV 4.0」の解説本を配布します。 ","https://techbookfest.org/event/tbf06/circle/71770001","http://atinfinity.github.io","こ17"
"あいらぶ量子コンピュータ","snuffkin","","初心者向けに量子コンピュータの動作、量子プログラミングについてご紹介する冊子を頒布します。","https://techbookfest.org/event/tbf06/circle/56430002","","こ18"
"モザイク研究所","カドラ","Q","量子プログラミング言語Q#について解説する本です","https://techbookfest.org/event/tbf06/circle/56110001","","こ19"
"SoNeO:Automata ","そねお","FPGA,ブログ","インターンで勉強する量子情報についてや機械学習について。ブログでまとめている「情報幾何学の基礎」という本について。FPGAについて。","https://techbookfest.org/event/tbf06/circle/36170003","","こ20"
"株式会社マイナビ出版","マイナビ出版書籍編集チーム","Firebase,Scala,Unity,ディープラーニング","ディープラーニング本、自然言語処理本、Scala本、Firebase本、Unity本、イラスト本、デザイン本","https://techbookfest.org/event/tbf06/circle/67830002","https://book.mynavi.jp/","こ21"
"Team Sommelier","Team Sommelier","ディープラーニングチョット","仲良し女子高生たち一緒に、実際に手を動かして「ディープラーニングチョットわかる」気分になれる本","https://techbookfest.org/event/tbf06/circle/48260002","https://lilium513.github.io/aigirls-gijutsushoten6/","こ22"
"ALIS IT PUBLISHING","takemikami","","ビッグデータのデータ加工及び機械学習のプログラミングガイド","https://techbookfest.org/event/tbf06/circle/54760014","http://takemikami.com/books/","こ23"
"でーたちっぷす","pimientito","pimientito,ブログ","非理系かつ数学初心者が、どのようにして機械学習を学習しているのか、実体験をレポートしているブログ「pimientitoの機械学習」の内容を再編集し、まとめたものを中心に、機械学習に関連したトピックをご紹介","https://techbookfest.org/event/tbf06/circle/67590001","https://pimientito-handson-ml.hatenablog.com/","こ24"
"LemonLime","しぶかい","API,django,framework,learn,rest,scikit","django-rest-frameworkとscikit-learnを用いたAPI開発のノウハウ（プロトタイプ開発）","https://techbookfest.org/event/tbf06/circle/57990001","","こ25"
"ノルウェイのギーク","hidef, pco2699","AI,Nuxt,Python,js,アプリ,デプロイ","■「データ分析をデプロイしよう」がテーマのAIアプリ開発技術書！ 新米データサイエンティストによる渾身の薄い本です。 ■なぜ、AIアプリ開発が上手くいかないのか？その理由と対策まで余すことなく実務経験をもとに解説。■Pythonによるデプロイ前提の最短データ分析手法〜Nuxt.jsによるモダンなアプリケーション開発テクニックを１冊に凝縮！","https://techbookfest.org/event/tbf06/circle/40460002","https://twitter.com/hidefkn","こ26"
"増井技術士事務所","masuipeo","PayPay,シゴト,ディープラーニング,フリーランス,プログラミングリテラシー","商業誌「プログラミング言語図鑑」「プログラマのためのディープラーニングのしくみがわかる数学入門」「プログラマ脳を鍛える数学パズル」「もっとプログラマ脳を鍛える数学パズル」「おうちで学べるセキュリティのきほん」「図解まるわかりセキュリティのしくみ」「エンジニアが生き残るテクノロジーの授業」「シゴトに役立つデータ分析・統計のトリセツ」に加え、前回の技術書典で頒布したフリーランスや副業の人に役立つ「技術書を書く人のための得する制度、損する行動」の第2版と新刊「基礎からのプログラミングリテラシー」を頒布します。機械学習やディープラーニング、アルゴリズムなど幅広い本を会場限定価格で販売します。また、どれでも一冊購入いただいた方（希望者）に、『技術書を書く人のための得する制度、損する行動　第２版』の電子版を無料プレゼント！PayPayでの支払いに対応します！","https://techbookfest.org/event/tbf06/circle/42020001","https://masuipeo.com/","こ27"
"OK Computer","Tatsuya Takahashi","FoxDot,Python","FoxDot＋Pythonで，ライブコーディングをしながら音楽を生成する実践的な内容．FoxDotの入門的な内容から，音源の拡張，実際にライブするときの心得，機械学習との連携などを入れ込む予定です．","https://techbookfest.org/event/tbf06/circle/41980006","https://twitter.com/tty_tkhs_ml","こ28"
"LIPP Lab.","にょんたか","","機械学習による自然言語処理を用いた特許の解析手法などを紹介する予定。","https://techbookfest.org/event/tbf06/circle/38470008","","こ29"
"the tenth art","みづはし","","機械学習（主に自然言語処理）を用いて、ゲーム、小説などの創作を行う。","https://techbookfest.org/event/tbf06/circle/44420002","http://thetenthart.main.jp","こ30"
"とっしんの会","とっしんの会","Web,slideshare,ブログ","この本では、私たち「とっしんの会」のメンバーそれぞれが、興味のあることを本にしました。「とっしんの会」とは、「とりあえず発信する」という気持ちのもと、各々が興味をもったことを発信していく会です。これまではslideshareやブログなどで細々と発信を続けてきましたが、さらに多くの方々に発信していこうということで、技術書典に出展することになりました。この本では、3人の著者による3つのテーマについて記しました。詳しくは紹介用Webサイトを参照ください。","https://techbookfest.org/event/tbf06/circle/69520001","https://www.toshin.dev","こ31"
"katsyoshi.org","katsyoshi","Ruby","Rubyで機械学習をしながら日本酒の分類","https://techbookfest.org/event/tbf06/circle/63720002","https://katsyoshi.org","こ32"
"[chug] Chainer User Group","kumezawa","Chainer,Deep,Group,Learning,User","Deep LearningフレームワークChainerのUser Groupが作成する画期的な入門書","https://techbookfest.org/event/tbf06/circle/36110003","https://chug-jp.org/","こ33"
"TE Lab","たけぽん","python","python 関連のトピック全般、モーショングラフィックスや機械学習も触れます。","https://techbookfest.org/event/tbf06/circle/64210001","","こ34"
"ヤマブキ計算所","select766","AI","テレビゲーム「ポケットモンスター」のバトルの戦略AIを、強化学習等の手法を用いて構築します。アルゴリズムの解説および構築された戦略の紹介を行う本を頒布します。技術書典5の続編です。","https://techbookfest.org/event/tbf06/circle/65670001","http://select766.hatenablog.com/","こ35"
"dlshogi","山岡忠夫","AI,AlphaZero,Keras,Python,Shogi,dlshogi,ディープラーニング","ディープラーニングを使った将棋AIの作り方に関する本を頒布します。実際に動くソースコードも提供しているので、動かしながらディープラーニングの仕組みを理解できる内容になっています。新刊はPythonとKerasによるAlphaZero Shogiの実装方法についてです。将棋AI「dlshogi」の作者、書籍「将棋AIで学ぶディープラーニング」の著者。","https://techbookfest.org/event/tbf06/circle/46400002","http://tadaoyamaoka.hatenablog.com/","こ36"
"鳩屋","N","PRML","機械学習の定番本であるPRMLを漫画で解説する本を頒布する予定です。","https://techbookfest.org/event/tbf06/circle/60330005","","こ37"
"めがねをかけるんだ","Keiji ARIYAMA","MLOps","新刊あります。複雑化した機械学習ワークフローを自動化するMLOps本です。","https://techbookfest.org/event/tbf06/circle/38380004","https://blog.keiji.io","こ38"
"Rosenblock Chainers","cafeunder","","人工知能，強化学習，機械学習，進化計算に関する技術系同人誌","https://techbookfest.org/event/tbf06/circle/44940001","https://rosenblockchainers.github.io/index.html","こ39"
"データリファインメント","カレーちゃん","kaggle","kaggleについてのチュートリアルを頒布予定","https://techbookfest.org/event/tbf06/circle/65490001","https://twitter.com/currypurin","こ40"
"CQ出版社なにそれおいしいの？","CQ出版社，トランジスタ技術編集部","CQ,Twitter,connect,インターステラテクノロジズ,：@","■ 技術書展6での配布物  　CQ出版社の雑誌や書籍を頒布します．技術的な解説本と，関連する実験/体験キットを持ち込む予定です．　Twitter：@CQ_connect ★新刊「ぼくらの宇宙ロケットの製作 #1」 　民間宇宙ロケットをイラストで解説したものです．インターステラテクノロジズの稲川 貴大氏による「日本発！みんなのミニ・ロケット誕生」も掲載します．","https://techbookfest.org/event/tbf06/circle/34290005","http://www.cqpub.co.jp/","さ01"
"くるみ割り書房","大岡由佳","React,TypeScript","React の TypeScript による入門書。およびそのテストとスタイルについての解説書。","https://techbookfest.org/event/tbf06/circle/58150002","https://oukayuka.booth.pm/","さ02"
"Growthfaction 成長と充実を研究する会","Growthfaction Project","セイチョウ・ジャーニー","1時間で200部を完売した前作「セイチョウ・ジャーニー」に続く、新刊「挫折論への招待」です。炎上案件。チームリード失敗。裏切り、破滅。人生には”挫折“がつきもの。 “挫折”に立ち向かうための技術が詰まった1冊です！「あのとき挫折から立ち上がれたのは偶然か？」「挫折する人は心が弱いのか？」「その挫折は、本当に挫折なのか？」著者の体験談と、認知心理学を絡めた理論で展開する技術書です。そしてなんと、本家「エンジニアリング組織論への招待」著者、広木大地さんの特別コラムも掲載！この世界を生き抜くための技術書をお楽しみください！","https://techbookfest.org/event/tbf06/circle/38080006","https://note.mu/tbpgr/m/m9e690dcc4cc6","さ03"
"Wantedly執筆部","ウォンテッドリー","","技術的な挑戦や日々の試行錯誤から得られた知見を紹介していきます","https://techbookfest.org/event/tbf06/circle/50380001","https://www.wantedly.com/companies/wantedly","さ04"
"TechBooster","mhidaka","Android,Web","AndroidやWebのプログラミング解説書です！","https://techbookfest.org/event/tbf06/circle/61870001","http://techbooster.org","さ05"
"ひかる黄金わかめ帝国","vvakame","Apollo,React,TypeScript,ドハマリ","React+TypeScript+Apolloでドハマリした時の苦闘の歴史と解決策を書いた本を出す予定です。俺の屍を越えてゆけ。","https://techbookfest.org/event/tbf06/circle/38070001","","さ06"